id_contacto	nombre	apellido	email	telefono_1	telefono_2	empresa	area	pais	ciudad	empleados	nivel	fecha_creacion
1	Nicolás	Rodríguez	nicolas.rodriguez@empresa.mx	+54 854 204 9935	+598 132 130 2535	BioFarma Continental	RRHH	Ecuador	Quito	201-500	Gerente	2026-02-08 12:26:47
2	Cecilia	Medina	cecilia.medina@corporativo.com	+52 877 925 3615		Aceros Industriales	Operaciones	Argentina	Córdoba	1000+	Analista	2025-12-10 22:10:01
3	Luciana	Aguilar	luciana.aguilar@corporativo.com	+51 926 144 8527		Cemento del Golfo	Ventas	Ecuador	Guayaquil	1000+	Analista	2026-01-26 01:19:40
4	Eduardo	Estrada	eduardo.estrada@corporativo.com	+51 181 975 4814		Cemento del Golfo	Operaciones	Panamá	Ciudad de Panamá	1-10	Analista	2026-01-04 11:50:26
5	Roberto	Domínguez	roberto.dominguez@corporativo.com	+57 723 750 3803		Electrónica Global	Marketing	Panamá	Ciudad de Panamá	11-50	Gerente	2026-02-05 11:16:00
6	Daniela	Fuentes	daniela.fuentes@empresa.mx	+52 924 423 7572		BioFarma Continental	Producción	Costa Rica	San José	501-1000	Jefe de Área	2026-01-08 09:53:20
7	Alfredo	Torres	alfredo.torres@corporativo.mx	+593 651 369 8019		Vidrio y Cristal	TI	Chile	Santiago	201-500	Jefe de Área	2025-12-09 19:50:03
8	Alejandro	Sánchez	alejandro.sanchez@corporativo.mx	+598 710 165 7304		Pinturas Internacionales	Compras	Perú	Trujillo	1000+	CEO	2026-02-05 01:10:30
9	Nicolás	Cortés	nicolas.cortes@empresa.com	+506 214 400 8123		Grupo Industrial MX	Operaciones	Ecuador	Quito	201-500	VP	2026-02-23 12:27:19
10	Tomás	Fuentes	tomas.fuentes@empresa.com	+54 482 880 3646		Soluciones Integradas	Compras	México	Querétaro	11-50	Jefe de Área	2025-12-02 21:23:02
11	Nicolás	Rojas	nicolas.rojas@empresa.com	+51 345 159 4946		Textiles Modernos	Ventas	Panamá	Ciudad de Panamá	1000+	Director	2025-12-13 11:10:25
12	Esteban	Guerrero	esteban.guerrero@corporativo.com	+598 316 652 4295		Vidrio y Cristal	TI	Panamá	Ciudad de Panamá		Gerente	2025-12-22 19:34:57
13	Daniel	Castillo	daniel.castillo@corporativo.com	+56 107 172 1964		Fabricaciones del Sur	TI	Colombia	Cartagena	1-10	Coordinador	2026-02-03 22:49:52
14	Iván	Díaz	ivan.diaz@empresa.com	+507 348 903 8749		Green Energy LATAM	Ventas	Colombia	Barranquilla	11-50	Especialista	2026-01-09 21:56:15
15	Teresa	Valenzuela	teresa.valenzuela@corporativo.com	+57 162 512 6559		Consultoría Integral	RRHH	Chile	Santiago	201-500	Jefe de Área	2025-12-14 14:38:54
16	Alberto	Rivera	alberto.rivera@corporativo.mx	+57 553 927 2604	+593 956 115 2528	Grupo Vanguardia	RRHH	Argentina	Mendoza	51-200	Jefe de Área	2025-12-21 18:04:02
17	Beatriz	López	beatriz.lopez@corporativo.mx	+598 371 902 8454		RetailTech Global	Compras	Panamá	Ciudad de Panamá	1-10	Coordinador	2025-12-22 03:16:47
18	Sofía	Ríos	sofia.rios@empresa.mx	+506 158 151 8811		Bebidas del Valle	Marketing	México	Querétaro		Director	2025-12-07 15:39:58
19	Daniel	Cortés	daniel.cortes@empresa.mx	+56 692 708 1651		Aluminios del Norte	Producción	Ecuador	Guayaquil	11-50	Gerente	2026-02-04 00:34:28
20	Emilio	Morales	emilio.morales@corporativo.mx	+51 568 423 2188	+57 175 650 4492	Productos Lácteos	Operaciones	Argentina	Rosario		Gerente	2026-01-05 21:03:37
21	Javier	Flores	javier.flores@empresa.com	+51 726 926 9666	+593 406 779 2697	Construcciones Unidas	Operaciones	Colombia	Bogotá	501-1000	Director	2025-12-27 10:37:02
22	Javier	Figueroa	javier.figueroa@corporativo.mx	+51 617 600 5114		Innovación Digital	Ventas	Uruguay	Montevideo		CEO	2026-01-02 09:14:35
23	Fernando	Molina	fernando.molina@empresa.mx	+507 664 822 8007		Alimentos del Pacífico	Ventas	Argentina	Buenos Aires	1000+	Analista	2026-01-26 13:20:44
24	Ricardo	Castro	ricardo.castro@corporativo.mx	+52 466 315 5088		Papel y Cartón MX	Compras	Uruguay	Montevideo	1-10	Director	2026-02-16 15:52:18
25	Carlos	Medina	carlos.medina@corporativo.com	+506 901 521 5065		RetailTech Global	Ventas	Uruguay	Montevideo	1000+	Jefe de Área	2025-12-22 14:18:29
26	Ana	Miranda	ana.miranda@empresa.mx	+56 328 124 4164		Agroindustrias Real	Ventas	Perú	Arequipa	501-1000	Especialista	2026-02-04 23:23:31
27	Ramón	Castillo	ramon.castillo@empresa.mx	+51 282 694 5349	+598 453 846 6139	Empaques Sustentables	Producción	Ecuador	Quito	51-200	Gerente	2025-12-25 17:32:47
28	Camila	Estrada	camila.estrada@empresa.com	+593 803 836 4228		Metal Works SA	TI	Costa Rica	San José	501-1000	Coordinador	2026-01-19 05:40:51
29	Fernanda	Domínguez	fernanda.dominguez@empresa.mx	+51 667 230 4143		Cemento del Golfo	Marketing	Perú	Arequipa	201-500	CEO	2025-12-30 12:04:47
30	Javier	Díaz	javier.diaz@empresa.com	+506 576 552 8244		Productos Lácteos	Dirección	Argentina	Buenos Aires	11-50	Analista	2025-12-10 01:36:28
31	Jorge	Cortés	jorge.cortes@corporativo.com	+54 125 147 5011		Fintech Soluciones	Ventas	Panamá	Ciudad de Panamá	501-1000	Gerente	2026-02-08 17:52:02
32	Verónica	Navarro	veronica.navarro@corporativo.mx	+52 868 981 2746		Automotriz Central	Marketing	Ecuador	Guayaquil		Gerente	2026-02-28 01:51:36
33	Carolina	Vega	carolina.vega@corporativo.mx	+593 672 709 6198		Textil Orgánico	Producción	Ecuador	Guayaquil	1000+	Jefe de Área	2026-02-26 02:38:47
34	Miguel	León	miguel.leon@empresa.mx	+56 960 752 5543		Bebidas del Valle	Dirección	Chile	Valparaíso	51-200	VP	2026-02-08 06:40:48
35	Javier	Morales	javier.morales@corporativo.mx	+593 182 241 3471		RetailTech Global	Marketing	Chile	Santiago	51-200	Especialista	2026-01-02 03:00:34
36	Cecilia	Vega	cecilia.vega@empresa.mx	+598 498 888 1320		Grupo Vanguardia	Producción	Uruguay	Montevideo		Analista	2025-12-29 23:49:04
37	Verónica	Contreras	veronica.contreras@empresa.com	+593 865 852 9947		Automotriz Central	Dirección	Chile	Valparaíso	51-200	Jefe de Área	2025-12-03 19:37:57
38	Verónica	Castillo	veronica.castillo@empresa.com	+54 960 578 3091		Snacks Premium		Uruguay	Montevideo		Especialista	2025-12-14 04:12:09
39	Teresa	Rivera	teresa.rivera@corporativo.mx	+56 565 434 6529		Cemento del Golfo	Operaciones	Uruguay	Montevideo	1000+	VP	2026-01-15 15:53:39
40	Mateo	León	mateo.leon@empresa.com	+506 329 765 2124		HealthTech Partners		México	Monterrey	1-10	CEO	2026-01-30 07:49:01
41	Andrea	Morales	andrea.morales@corporativo.com	+56 576 816 5198		Corporativo Norte	Producción	Colombia	Medellín	11-50	VP	2026-01-26 04:25:59
42	Isabella	Ramos	isabella.ramos@empresa.com	+598 506 832 4249	+56 204 813 5941	AgriTech Solutions	Producción	Colombia	Cartagena	1000+	CEO	2026-01-03 17:02:36
43	Ramón	Castro	ramon.castro@empresa.mx	+506 112 969 7882		Consultoría Integral	Finanzas	Costa Rica	San José	501-1000	Director	2026-01-12 06:45:30
44	Carlos	Valenzuela	carlos.valenzuela@empresa.com	+593 893 595 8616		Industrias Omega	Producción	Perú	Arequipa	1000+	Gerente	2026-02-19 15:44:36
45	Luciana	Gutiérrez	luciana.gutierrez@empresa.mx	+507 683 724 7209		Envases PET	TI	Argentina	Mendoza	1-10	Analista	2026-02-16 11:05:02
46	Patricia	Castillo	patricia.castillo@corporativo.com	+51 669 110 9464		Textiles Modernos	RRHH	Uruguay	Montevideo	201-500	Gerente	2026-02-06 01:14:11
47	Esteban	Silva	esteban.silva@empresa.mx	+52 195 401 4630		Electrónica Global	Operaciones	Costa Rica	San José	201-500	Analista	2026-01-11 07:29:44
48	Hugo	Jiménez	hugo.jimenez@empresa.mx	+51 336 223 4155		Corporativo Atlas	Compras	Argentina	Córdoba	1-10	Jefe de Área	2025-12-27 20:17:26
49	Elena	Figueroa	elena.figueroa@corporativo.mx	+56 403 332 6912		Grupo Industrial MX	Compras	Argentina	Rosario		CEO	2026-01-23 17:25:11
50	Catalina	Paredes	catalina.paredes@empresa.com	+507 205 993 1200		Caucho y Derivados	Dirección	Panamá	Ciudad de Panamá	1-10	CEO	2025-12-25 12:19:02
51	Silvia	Sánchez	silvia.sanchez@empresa.mx	+57 690 744 1878		Software Empresarial	Operaciones	Colombia	Medellín		Especialista	2026-01-28 20:49:21
52	Francisco	Montes	francisco.montes@empresa.mx	+507 404 980 8025		Fintech Soluciones		Colombia	Medellín	501-1000	Gerente	2025-12-26 16:40:12
53	Andrés	Flores	andres.flores@corporativo.com	+54 102 518 8381		Caucho y Derivados	Operaciones	México	Monterrey	11-50	Coordinador	2026-02-07 06:04:47
54	Alfredo	González	alfredo.gonzalez@empresa.com	+56 535 217 9922		Logística Express	Operaciones	Argentina	Buenos Aires		Director	2026-02-15 22:57:30
55	Fernanda	Figueroa	fernanda.figueroa@empresa.com	+51 549 227 8679		RetailTech Global	Finanzas	Perú	Trujillo	201-500	Jefe de Área	2026-01-12 12:03:07
56	Andrés	Figueroa	andres.figueroa@corporativo.mx	+506 718 356 1423	+52 883 788 5415	Software Empresarial		Argentina	Mendoza	201-500	Jefe de Área	2026-02-27 22:36:15
57	Natalia	Rivera	natalia.rivera@empresa.mx	+507 193 581 6700		TransCargo SA	Ventas	Argentina	Rosario	51-200	Jefe de Área	2025-12-28 23:35:46
58	Beatriz	Miranda	beatriz.miranda@empresa.mx	+57 422 358 6296	+598 985 626 1018	PropTech Desarrollo	Compras	Panamá	Ciudad de Panamá		Gerente	2026-01-20 08:03:04
59	Martín	Acosta	martin.acosta@empresa.com	+52 308 373 9998	+51 548 815 8941	Alimentos del Pacífico		Chile	Concepción	1-10	Coordinador	2026-01-23 11:32:52
60	Valentina	Guerrero	valentina.guerrero@empresa.mx	+57 572 220 3522		MediaTech Creative	Operaciones	Ecuador	Guayaquil	51-200	Jefe de Área	2026-01-15 20:21:06
61	Mónica	Vega	monica.vega@empresa.mx	+593 864 239 2143		Aluminios del Norte	TI	Ecuador	Guayaquil	1000+	CEO	2025-12-28 11:03:45
62	Tomás	Fuentes	tomas.fuentes1@empresa.com	+507 986 252 8316		Papel y Cartón MX	TI	Ecuador	Guayaquil	51-200	Analista	2026-02-23 10:19:07
63	Eduardo	Paredes	eduardo.paredes@corporativo.mx	+598 144 425 8749		Cemento del Golfo	Finanzas	Argentina	Mendoza		Director	2026-01-18 18:25:23
64	Hugo	Pérez	hugo.perez@empresa.mx	+593 567 115 3361		HealthTech Partners	Marketing	Colombia	Barranquilla	1000+	Coordinador	2026-01-02 20:54:17
65	Manuel	Silva	manuel.silva@corporativo.mx	+593 489 424 8994		Fabricaciones del Sur	Producción	Colombia	Medellín	501-1000	Coordinador	2025-12-23 02:04:53
66	Luciana	Castro	luciana.castro@empresa.com	+57 554 270 5906		Fabricaciones del Sur	TI	México	Guadalajara	11-50	Analista	2026-01-11 19:34:22
67	Ricardo	Morales	ricardo.morales@empresa.com	+54 274 279 2293		Cemento del Golfo	Producción	Chile	Valparaíso	201-500	Director	2025-12-23 13:02:17
68	Teresa	Molina	teresa.molina@corporativo.mx	+52 923 576 5712		Corporativo Norte	Ventas	Panamá	Ciudad de Panamá	201-500	Coordinador	2026-02-01 00:50:06
69	Alberto	Paredes	alberto.paredes@corporativo.com	+56 493 973 8916	+598 685 467 5847	RetailTech Global	Operaciones	México	León	501-1000	Especialista	2025-12-27 15:35:08
70	Valentina	Campos	valentina.campos@empresa.com	+52 720 863 9138		Plásticos Avanzados	RRHH	Costa Rica	San José	501-1000	Gerente	2026-01-30 06:46:52
71	Luis	Cortés	luis.cortes@empresa.com	+54 743 199 1645		Textil Orgánico		Costa Rica	San José		Coordinador	2026-01-01 17:18:38
72	Rosa	Rivera	rosa.rivera@corporativo.com	+506 643 613 5465		Minera del Valle	Dirección	Perú	Trujillo	1000+	Analista	2026-02-17 01:59:51
73	Nicolás	Vega	nicolas.vega@empresa.mx	+56 980 792 7511		Fertilizantes del Campo	TI	Colombia	Barranquilla		Coordinador	2026-01-22 02:18:14
74	Carolina	Vega	carolina.vega@corporativo.com	+51 698 490 7086	+56 582 125 6374	Fintech Soluciones	RRHH	Colombia	Barranquilla	501-1000	Coordinador	2026-02-02 00:50:15
75	Oscar	Sánchez	oscar.sanchez@corporativo.com	+51 604 218 2592		Snacks Premium	Marketing	Uruguay	Montevideo	11-50	Especialista	2026-01-27 00:36:07
76	Andrea	Medina	andrea.medina@empresa.com	+598 386 133 7070		Textil Orgánico	RRHH	Costa Rica	San José	501-1000	Analista	2026-01-22 20:41:50
77	Lorena	López	lorena.lopez@corporativo.mx	+57 968 943 8450	+56 757 754 1349	Innovación Digital	TI	Chile	Santiago	1000+	Gerente	2025-12-07 15:52:23
78	Roberto	Ríos	roberto.rios@corporativo.com	+506 892 251 1046		Logística Express	Marketing	Ecuador	Guayaquil	1000+	Director	2025-12-11 16:08:49
79	Isabella	Ramírez	isabella.ramirez@corporativo.com	+56 702 431 1258		Innovación Digital	Marketing	Uruguay	Montevideo	501-1000	VP	2026-01-16 05:44:00
80	Gloria	Montes	gloria.montes@corporativo.com	+507 615 326 1710		PropTech Desarrollo	Compras	Perú	Arequipa	501-1000	CEO	2025-12-06 21:44:00
81	Silvia	Contreras	silvia.contreras@empresa.com	+507 829 554 2204		TransCargo SA	Producción	Argentina	Buenos Aires	1-10	Coordinador	2026-01-30 14:45:54
82	Daniela	Aguilar	daniela.aguilar@empresa.com	+507 617 719 8048	+57 973 770 4522	Empaques Sustentables	Dirección	Chile	Valparaíso	11-50	Jefe de Área	2026-01-08 17:06:31
83	Rosa	Valenzuela	rosa.valenzuela@corporativo.mx	+51 483 256 8770	+57 195 542 2582	Corporativo Atlas	TI	Argentina	Buenos Aires	201-500	Analista	2026-02-04 01:14:38
84	Carolina	Medina	carolina.medina@corporativo.com	+598 988 838 1842		Cybersecurity Corp	Operaciones	Costa Rica	San José	201-500	Gerente	2025-12-16 00:32:50
85	Silvia	Cruz	silvia.cruz@empresa.mx	+593 476 217 5564		Empaques Sustentables	Compras	Ecuador	Quito	201-500	Coordinador	2025-12-03 19:27:56
86	María	Gutiérrez	maria.gutierrez@empresa.mx	+506 459 106 3972		Software Empresarial	Finanzas	Colombia	Medellín	501-1000	CEO	2025-12-09 21:48:39
87	Elena	Díaz	elena.diaz@corporativo.mx	+54 478 419 6314		Software Empresarial	Producción	Colombia	Bogotá	1-10	Director	2026-02-12 05:57:46
88	Alejandro	Cortés	alejandro.cortes@corporativo.mx	+598 597 721 8242		BioFarma Continental	Compras	Colombia	Cali	51-200	VP	2025-12-28 12:00:43
89	Iván	Ponce	ivan.ponce@empresa.mx	+598 713 156 1125		BioFarma Continental	Marketing	Perú	Arequipa	11-50	VP	2025-12-01 18:00:43
90	Marta	León	marta.leon@empresa.mx	+593 820 335 9196		PropTech Desarrollo	TI	Colombia	Barranquilla	1000+	CEO	2026-01-12 08:27:55
91	Mateo	Vega	mateo.vega@empresa.com	+598 687 514 7843		Vidrio y Cristal		Costa Rica	San José	1000+	Jefe de Área	2026-02-19 18:45:39
92	Martín	Hernández	martin.hernandez@empresa.mx	+598 703 510 9584	+51 863 447 4630	Aceros Industriales	Marketing	Colombia	Cartagena	501-1000	VP	2026-01-21 12:23:55
93	Alicia	Gómez	alicia.gomez@empresa.mx	+54 341 205 3399		Manufactura Premium	Producción	Argentina	Buenos Aires	1-10	Jefe de Área	2026-01-15 01:05:20
94	Gloria	Cortés	gloria.cortes@empresa.com	+506 984 742 6179		Metal Works SA	Dirección	Panamá	Ciudad de Panamá	1000+	Coordinador	2026-01-27 10:06:28
95	Sofía	Jiménez	sofia.jimenez@empresa.mx	+507 138 158 7041		Metal Works SA	Ventas	Ecuador	Guayaquil	51-200	CEO	2026-01-13 15:57:19
96	Eduardo	Vargas	eduardo.vargas@empresa.com	+52 561 205 6626		Textiles Modernos	Compras	Argentina	Buenos Aires	1-10	Jefe de Área	2026-01-12 15:55:37
97	Elena	Ponce	elena.ponce@empresa.mx	+51 496 518 6543		Innovación Digital	TI	Colombia	Cali		Especialista	2025-12-28 14:06:37
98	Luis	Valenzuela	luis.valenzuela@empresa.com	+54 441 183 3317		Química Especializada	Finanzas	Argentina	Buenos Aires	11-50	Especialista	2026-02-01 11:26:52
99	Hugo	Miranda	hugo.miranda@corporativo.com	+593 195 761 7937		TechLatam Solutions	TI	Perú	Lima	1-10	Analista	2026-03-03 00:13:37
100	Iván	Gómez	ivan.gomez@corporativo.mx	+57 402 964 2657		Snacks Premium	Compras	México	Tijuana	11-50	Director	2026-01-27 23:41:06
101	Gabriel	Torres	gabriel.torres@corporativo.com	+54 838 548 1715		AgriTech Solutions	RRHH	Panamá	Ciudad de Panamá	1000+	Jefe de Área	2025-12-23 17:15:58
102	Ramón	Morales	ramon.morales@corporativo.com	+507 955 298 7026		Software Empresarial	Dirección	Panamá	Ciudad de Panamá	1000+	Especialista	2026-01-18 19:51:27
103	Elena	Medina	elena.medina@empresa.com	+54 993 356 1854		Maquinaria Pesada	Compras	Colombia	Cartagena	1000+	VP	2025-12-28 16:14:41
104	Andrés	Espinoza	andres.espinoza@corporativo.mx	+593 250 950 8167	+56 936 561 6727	TechLatam Solutions	Finanzas	México	Puebla	201-500	Analista	2025-12-23 21:24:09
105	Verónica	Hernández	veronica.hernandez@corporativo.mx	+57 959 831 6493		Construcciones Unidas		Perú	Arequipa	501-1000	Director	2026-02-12 16:13:40
106	Esteban	Herrera	esteban.herrera@empresa.com	+52 362 320 3449		Industrias Omega	Producción	Ecuador	Guayaquil		Coordinador	2025-12-24 01:44:30
107	Tomás	Sánchez	tomas.sanchez@corporativo.mx	+507 164 213 9189		TechLatam Solutions	Compras	Chile	Concepción	1-10	Coordinador	2026-01-11 16:11:56
108	Santiago	Acosta	santiago.acosta@corporativo.com	+54 780 784 2402		Maquinaria Pesada	Ventas	Ecuador	Quito	51-200	Jefe de Área	2025-12-05 05:26:33
109	Verónica	Rojas	veronica.rojas@corporativo.mx	+57 453 346 2698		Corporativo Atlas	TI	Argentina	Buenos Aires	11-50	Analista	2026-02-17 23:36:46
110	Carlos	Fuentes	carlos.fuentes@empresa.mx	+507 746 286 3209	+507 137 400 4302	Fabricaciones del Sur	RRHH	México	Guadalajara	11-50	Especialista	2026-02-18 04:02:01
111	Cecilia	Ruiz	cecilia.ruiz@corporativo.com	+56 392 465 1783		Aceros Industriales	Operaciones	Colombia	Cali	51-200	Especialista	2026-02-11 04:01:56
112	Raúl	Aguilar	raul.aguilar@corporativo.mx	+507 476 916 9507		Textiles Modernos	Finanzas	Colombia	Barranquilla	201-500	Director	2026-01-22 23:02:50
113	Catalina	Vargas	catalina.vargas@corporativo.mx	+51 413 556 7981		Textil Orgánico	TI	Panamá	Ciudad de Panamá	501-1000	Analista	2026-01-29 16:42:28
114	Carmen	Gutiérrez	carmen.gutierrez@empresa.com	+52 176 787 7655		Corporativo Atlas	Marketing	México	Monterrey	1000+	Jefe de Área	2025-12-04 09:05:14
115	Fernando	González	fernando.gonzalez@corporativo.com	+506 492 680 1530		AgriTech Solutions	Dirección	Costa Rica	San José	51-200	VP	2026-01-25 17:20:04
116	Paula	Ponce	paula.ponce@corporativo.mx	+51 355 216 1424		Envases PET	Compras	Uruguay	Montevideo	11-50	Coordinador	2026-02-07 08:31:37
117	Gloria	Díaz	gloria.diaz@empresa.mx	+507 304 225 3223		Textil Orgánico	Marketing	Panamá	Ciudad de Panamá	1000+	Analista	2026-02-03 20:10:46
118	Pablo	Estrada	pablo.estrada@corporativo.com	+51 971 261 3852		Productos Lácteos	RRHH	Colombia	Medellín	1000+	Director	2025-12-23 23:38:07
119	Marta	Rodríguez	marta.rodriguez@corporativo.com	+507 922 664 3126		Textiles Modernos	Ventas	Perú	Arequipa	501-1000	Jefe de Área	2026-01-21 00:57:34
120	Oscar	Montes	oscar.montes@empresa.com	+54 424 757 2215		AgriTech Solutions	Compras	Costa Rica	San José	1000+	Director	2026-02-13 13:03:39
121	Fernando	Castro	fernando.castro@empresa.com	+57 630 256 5982		TransCargo SA	RRHH	Costa Rica	San José	1000+	VP	2025-12-25 07:57:09
122	Ana	Molina	ana.molina@empresa.mx	+51 729 646 2530		Corporativo Norte	Producción	Argentina	Córdoba	501-1000	Analista	2026-02-20 19:14:13
123	Camila	Miranda	camila.miranda@empresa.mx	+51 766 315 7825		TechLatam Solutions	Dirección	Ecuador	Guayaquil	501-1000	Coordinador	2026-01-16 21:20:34
124	Mónica	Ochoa	monica.ochoa@empresa.mx	+507 174 805 1981		Aluminios del Norte	Dirección	Panamá	Ciudad de Panamá	11-50	Director	2025-12-31 08:22:12
125	Emilio	Valenzuela	emilio.valenzuela@empresa.mx	+598 233 878 7070		Consultoría Integral	TI	Chile	Valparaíso		Coordinador	2026-01-13 15:38:04
126	Mónica	Torres	monica.torres@corporativo.mx	+598 984 730 7850		Corporativo Norte	TI	Costa Rica	San José	1000+	Director	2026-01-18 09:02:34
127	Alicia	Vega	alicia.vega@empresa.mx	+52 192 502 9281		Electrónica Global	RRHH	Costa Rica	San José		Coordinador	2026-01-18 01:11:13
128	Esteban	Ortiz	esteban.ortiz@empresa.com	+598 237 370 6992		Maquinaria Pesada		Uruguay	Montevideo	201-500	Gerente	2026-01-05 04:44:29
129	Javier	González	javier.gonzalez@corporativo.mx	+593 386 945 2946	+57 503 482 6555	Fertilizantes del Campo	TI	Argentina	Córdoba	201-500	Especialista	2026-01-18 13:15:57
130	Camila	Martínez	camila.martinez@corporativo.com	+507 631 567 3440		Productos Lácteos	Marketing	Costa Rica	San José	1-10	Especialista	2026-01-29 20:33:00
131	Tomás	Ríos	tomas.rios@corporativo.com	+593 601 825 5911		TechLatam Solutions	TI	Costa Rica	San José	51-200	Coordinador	2026-02-16 08:34:23
132	Isabella	Figueroa	isabella.figueroa@empresa.com	+56 838 152 8871		EdTech Innovación	Producción	Uruguay	Montevideo	1000+	Gerente	2025-12-04 01:33:52
133	Nicolás	Gómez	nicolas.gomez@corporativo.mx	+54 522 807 4340		Soluciones Integradas	Producción	Panamá	Ciudad de Panamá	501-1000	Director	2026-01-20 08:37:10
134	Roberto	Guerrero	roberto.guerrero@corporativo.com	+593 485 421 3837		Snacks Premium	TI	Ecuador	Guayaquil	501-1000	Coordinador	2026-01-29 05:34:53
135	Silvia	Gómez	silvia.gomez@empresa.mx	+51 330 404 5735		RetailTech Global	Dirección	Costa Rica	San José	11-50	Coordinador	2025-12-28 22:35:52
136	Carolina	Campos	carolina.campos@empresa.mx	+598 938 453 3399		Plásticos Avanzados	Ventas	Costa Rica	San José	501-1000	Coordinador	2026-02-11 13:25:29
137	Silvia	Díaz	silvia.diaz@corporativo.com	+593 812 378 3249	+56 348 151 9700	Automotriz Central	RRHH	México	CDMX	51-200	Analista	2026-02-08 15:33:55
138	Esteban	Pérez	esteban.perez@empresa.mx	+593 261 516 8793		Green Energy LATAM	Operaciones	Costa Rica	San José	501-1000	CEO	2026-02-27 03:38:47
139	Luciana	Silva	luciana.silva@empresa.com	+52 279 527 3880		Fabricaciones del Sur	Finanzas	Panamá	Ciudad de Panamá	501-1000	Coordinador	2026-02-24 02:57:34
140	Sebastián	García	sebastian.garcia@corporativo.com	+506 391 565 9901		Construcciones Unidas	Compras	Panamá	Ciudad de Panamá	1-10	VP	2026-01-02 02:32:59
141	Miguel	Valenzuela	miguel.valenzuela@empresa.mx	+54 114 854 6523		Software Empresarial	RRHH	Argentina	Mendoza	1000+	Especialista	2026-01-20 00:41:27
142	Daniela	Hernández	daniela.hernandez@empresa.mx	+54 588 431 5064	+598 341 557 5374	Aceros Industriales	Operaciones	México	Guadalajara	501-1000	Analista	2026-02-06 06:16:04
143	Jorge	López	jorge.lopez@empresa.mx	+54 515 802 9233		MediaTech Creative	Operaciones	Colombia	Cali	11-50	Gerente	2025-12-22 06:36:23
144	Paula	Ruiz	paula.ruiz@corporativo.com	+506 525 818 9998		Grupo Vanguardia	Compras	Chile	Santiago	501-1000	VP	2026-01-21 00:31:09
145	Gloria	Ponce	gloria.ponce@empresa.mx	+57 163 948 9972		Green Energy LATAM	Producción	Ecuador	Quito	1-10	Analista	2026-02-21 23:05:48
146	Joaquín	Herrera	joaquin.herrera@corporativo.mx	+507 193 622 8298		Pinturas Internacionales	Marketing	Ecuador	Guayaquil	51-200	CEO	2026-01-24 06:05:30
147	Teresa	Cortés	teresa.cortes@empresa.com	+598 360 936 1049		Cloud Services MX	Ventas	México	Puebla	11-50	VP	2026-01-22 13:00:08
148	Sofía	González	sofia.gonzalez@empresa.mx	+51 518 284 3218		Industrias Omega	Finanzas	Costa Rica	San José	51-200	Especialista	2026-01-06 11:19:03
149	Andrés	Cortés	andres.cortes@empresa.com	+54 769 980 6697	+593 502 641 3086	Industrias Omega	RRHH	México	León		Coordinador	2026-01-14 22:52:38
150	Cecilia	Castro	cecilia.castro@empresa.com	+56 571 454 3541		Industrias Omega	Ventas	México	León	501-1000	Especialista	2026-01-29 16:52:29
151	Mateo	Morales	mateo.morales@corporativo.mx	+52 557 712 1797		Fabricaciones del Sur	Finanzas	Panamá	Ciudad de Panamá	201-500	Gerente	2026-02-12 05:50:45
152	Sofía	Ramírez	sofia.ramirez@empresa.mx	+506 691 712 6253		Logística Express	Compras	Chile	Valparaíso	11-50	Coordinador	2025-12-06 22:02:29
153	Carlos	Molina	carlos.molina@empresa.com	+52 452 758 7244		TransCargo SA	Finanzas	Uruguay	Montevideo	11-50	Especialista	2025-12-18 20:28:08
154	Ramón	Ruiz	ramon.ruiz@corporativo.mx	+54 925 574 1944		Aluminios del Norte	Compras	Ecuador	Quito	51-200	Gerente	2025-12-25 18:10:58
155	Roberto	Castillo	roberto.castillo@empresa.com	+506 194 648 4120	+598 789 719 1647	Metal Works SA	RRHH	Ecuador	Quito	51-200	Gerente	2026-02-23 10:01:15
156	Hugo	Ramos	hugo.ramos@empresa.mx	+56 859 220 8846		RetailTech Global	Producción	Chile	Valparaíso	1-10	Analista	2026-02-14 07:04:41
157	Javier	Aguilar	javier.aguilar@empresa.com	+51 367 468 9401		Pinturas Internacionales	Ventas	Panamá	Ciudad de Panamá	1-10	Analista	2025-12-31 09:09:40
158	Oscar	Martínez	oscar.martinez@empresa.mx	+54 116 367 7841		Green Energy LATAM	TI	Chile	Valparaíso	201-500	Gerente	2026-01-18 11:27:24
159	Jimena	Reyes	jimena.reyes@empresa.mx	+507 571 272 6770		Industrias Omega	Compras	Panamá	Ciudad de Panamá	201-500	CEO	2026-01-20 20:52:44
160	Sebastián	Fuentes	sebastian.fuentes@empresa.com	+52 882 106 7756	+56 169 824 3474	Grupo Industrial MX	RRHH	Ecuador	Guayaquil	11-50	CEO	2026-01-29 23:39:37
161	Silvia	Domínguez	silvia.dominguez@empresa.mx	+593 521 112 1274		Agroindustrias Real	Compras	Perú	Lima	201-500	Especialista	2026-02-17 06:30:24
162	Carlos	Pérez	carlos.perez@empresa.com	+56 296 734 9625		Papel y Cartón MX	Operaciones	Uruguay	Montevideo	11-50	Especialista	2026-01-14 13:32:32
163	Mónica	Paredes	monica.paredes@corporativo.com	+57 769 978 1519	+598 486 665 8798	Innovación Digital		Argentina	Buenos Aires	51-200	Especialista	2026-02-01 14:44:34
164	Hugo	Campos	hugo.campos@empresa.com	+593 143 335 4463		RetailTech Global	Producción	Panamá	Ciudad de Panamá		VP	2026-02-05 10:50:04
165	Natalia	Salazar	natalia.salazar@empresa.mx	+506 116 312 3362		MediaTech Creative	Finanzas	Colombia	Cali	1-10	Gerente	2026-01-25 00:29:49
166	Verónica	Cortés	veronica.cortes@empresa.mx	+54 909 805 2284		Papel y Cartón MX		Colombia	Barranquilla	1-10	VP	2026-01-03 01:38:19
167	Manuel	Montes	manuel.montes@corporativo.com	+507 602 333 6829		Cemento del Golfo	Finanzas	Argentina	Mendoza		Coordinador	2026-02-16 11:36:12
168	Mónica	Estrada	monica.estrada@corporativo.mx	+598 828 902 3527		TransCargo SA	TI	Colombia	Bogotá		Coordinador	2026-01-13 04:18:34
169	Martín	Espinoza	martin.espinoza@corporativo.mx	+54 541 559 9395		TechLatam Solutions	Ventas	Costa Rica	San José	201-500	Analista	2026-02-22 20:36:33
170	Verónica	García	veronica.garcia@corporativo.mx	+57 842 672 4977		Corporativo Norte	Finanzas	Argentina	Córdoba	11-50	Coordinador	2025-12-27 01:25:59
171	Marta	Torres	marta.torres@corporativo.mx	+598 406 595 2260		Electrónica Global	Dirección	Chile	Valparaíso		Director	2025-12-30 13:54:16
172	Santiago	Mendoza	santiago.mendoza@corporativo.com	+506 550 442 8055		HealthTech Partners	Producción	Argentina	Rosario	11-50	Gerente	2026-01-16 12:10:24
173	Emilio	Rivera	emilio.rivera@empresa.com	+51 852 811 9044		Electrónica Global	TI	Uruguay	Montevideo	1000+	Especialista	2026-01-05 10:32:52
174	Nicolás	Campos	nicolas.campos@corporativo.com	+54 798 886 1440		Pinturas Internacionales	RRHH	Panamá	Ciudad de Panamá	1000+	VP	2026-02-18 12:19:41
175	Oscar	Cortés	oscar.cortes@empresa.com	+56 358 774 3525		Cemento del Golfo	Ventas	Panamá	Ciudad de Panamá	201-500	Especialista	2026-01-21 21:09:58
176	Germán	Paredes	german.paredes@empresa.mx	+506 818 931 9796		Textiles Modernos	Ventas	Chile	Concepción	501-1000	Analista	2025-12-17 03:35:48
177	Camila	Campos	camila.campos@empresa.com	+598 870 439 8052	+57 364 327 9366	Corporativo Atlas	Compras	Ecuador	Quito	51-200	Analista	2026-01-07 23:24:31
178	Teresa	Montes	teresa.montes@empresa.com	+54 453 125 8909	+598 187 218 3321	Papel y Cartón MX	Operaciones	Costa Rica	San José	1000+	Gerente	2026-01-20 14:17:08
179	Silvia	Jiménez	silvia.jimenez@empresa.mx	+507 426 168 5919	+57 123 969 6620	HealthTech Partners	Ventas	Argentina	Córdoba	201-500	Director	2026-01-23 14:02:39
180	Miguel	Castillo	miguel.castillo@empresa.com	+56 916 514 4022		PropTech Desarrollo	Finanzas	Uruguay	Montevideo	501-1000	Gerente	2026-01-13 15:35:08
181	Alberto	Aguilar	alberto.aguilar@corporativo.mx	+51 870 820 2025		Snacks Premium	Marketing	Costa Rica	San José	1-10	Jefe de Área	2025-12-12 01:32:03
182	Patricia	Domínguez	patricia.dominguez@empresa.com	+506 711 497 7431		Papel y Cartón MX	TI	Panamá	Ciudad de Panamá	1000+	Coordinador	2026-02-28 04:41:08
183	Andrés	Cortés	andres.cortes@corporativo.mx	+51 219 287 7116		Productos Lácteos	Finanzas	Uruguay	Montevideo	201-500	Especialista	2026-01-11 01:45:06
184	María	Navarro	maria.navarro@empresa.com	+54 668 270 9022		Manufactura Premium	TI	Panamá	Ciudad de Panamá	1000+	Analista	2026-03-03 09:57:09
185	Valentina	Navarro	valentina.navarro@corporativo.com	+593 617 768 9109		Envases PET	Finanzas	Panamá	Ciudad de Panamá	1-10	VP	2026-01-24 21:28:20
186	Isabella	Sandoval	isabella.sandoval@empresa.mx	+51 330 650 5729		Pinturas Internacionales	Producción	Panamá	Ciudad de Panamá	201-500	VP	2025-12-27 00:13:35
187	Cecilia	Miranda	cecilia.miranda@empresa.com	+52 878 836 8231		Empaques Sustentables	Ventas	Chile	Valparaíso	1000+	CEO	2026-01-13 15:57:08
188	Patricia	Jiménez	patricia.jimenez@empresa.mx	+57 894 931 4882		Corporativo Atlas	Producción	Costa Rica	San José	1-10	Director	2026-02-15 04:49:53
189	Roberto	Miranda	roberto.miranda@corporativo.mx	+506 645 387 9827		MediaTech Creative	Operaciones	Perú	Trujillo	11-50	VP	2025-12-14 03:56:42
190	Oscar	López	oscar.lopez@empresa.com	+54 818 986 3174		MediaTech Creative	TI	Chile	Concepción	51-200	Jefe de Área	2025-12-14 19:17:02
191	Rafael	Molina	rafael.molina@empresa.mx	+57 512 627 5558		Maquinaria Pesada	Dirección	Panamá	Ciudad de Panamá	201-500	CEO	2026-02-23 08:42:06
192	Luciana	Valenzuela	luciana.valenzuela@empresa.com	+506 970 164 9756		Empaques Sustentables	RRHH	Panamá	Ciudad de Panamá	11-50	Coordinador	2026-01-02 19:01:35
193	Fernando	Campos	fernando.campos@empresa.com	+52 147 201 8529	+54 551 567 1011	Empaques Sustentables	RRHH	Argentina	Rosario	1-10	Coordinador	2025-12-10 01:29:52
194	Martín	Reyes	martin.reyes@corporativo.com	+54 153 505 6005		Grupo Vanguardia	RRHH	Uruguay	Montevideo	501-1000	VP	2025-12-01 02:31:52
195	Claudia	Ruiz	claudia.ruiz@corporativo.com	+593 796 555 1152	+506 936 223 7919	RetailTech Global	Marketing	Panamá	Ciudad de Panamá	1-10	Especialista	2025-12-09 16:09:23
196	Gabriela	Pérez	gabriela.perez@corporativo.com	+54 491 892 3181		AgriTech Solutions	Marketing	Colombia	Cartagena	201-500	CEO	2026-01-29 06:08:48
197	Laura	Herrera	laura.herrera@corporativo.mx	+54 521 730 8248		Textiles Modernos	Ventas	Argentina	Buenos Aires	201-500	Especialista	2026-01-04 03:08:14
198	Alberto	Vargas	alberto.vargas@empresa.mx	+57 354 666 5668		RetailTech Global		Perú	Lima	201-500	Gerente	2026-02-11 14:36:07
199	Manuel	Ortiz	manuel.ortiz@empresa.com	+56 606 495 2847		EdTech Innovación	Producción	Colombia	Cartagena		Analista	2026-03-01 16:12:05
200	Emilio	Ramírez	emilio.ramirez@corporativo.com	+598 474 659 3830		Soluciones Integradas	Ventas	México	Querétaro		CEO	2025-12-26 10:56:09
201	Claudia	Martínez	claudia.martinez@empresa.com	+598 618 393 9209		Empaques Sustentables	Finanzas	Colombia	Cartagena	201-500	Director	2025-12-27 22:32:48
202	Andrés	Ramos	andres.ramos@corporativo.com	+54 649 434 7401		Grupo Vanguardia	Ventas	Perú	Trujillo	51-200	Gerente	2025-12-06 14:55:50
203	Mónica	Hernández	monica.hernandez@empresa.mx	+52 416 782 3877	+54 818 111 3684	Envases PET	TI	Ecuador	Guayaquil	1-10	Analista	2025-12-13 07:46:11
204	Rafael	Valenzuela	rafael.valenzuela@empresa.com	+52 443 926 8034		Metal Works SA	Operaciones	Colombia	Barranquilla	51-200	Analista	2025-12-06 09:10:56
205	Marta	Contreras	marta.contreras@empresa.mx	+51 891 205 2889		Productos Lácteos		México	León	1000+	CEO	2025-12-24 17:50:46
206	Camila	Ruiz	camila.ruiz@corporativo.com	+54 978 136 7870		Electrónica Global	Finanzas	Costa Rica	San José	1000+	VP	2026-01-25 11:46:31
207	Adriana	Sánchez	adriana.sanchez@empresa.com	+54 328 923 9450		Vidrio y Cristal	Ventas	Panamá	Ciudad de Panamá	1000+	Coordinador	2026-01-01 18:39:59
208	Luciana	Guerrero	luciana.guerrero@empresa.mx	+51 677 903 5979		Electrónica Global	Dirección	Costa Rica	San José	1000+	Gerente	2026-02-10 02:45:47
209	Cecilia	Espinoza	cecilia.espinoza@empresa.mx	+598 124 338 9872		RetailTech Global		Costa Rica	San José	1000+	Especialista	2026-02-21 10:19:38
210	Fernanda	Pérez	fernanda.perez@corporativo.com	+598 603 161 3332		Textiles Modernos		Chile	Concepción	51-200	Analista	2026-01-14 12:17:04
211	Andrés	Ríos	andres.rios@corporativo.mx	+598 176 706 2020		Construcciones Unidas	RRHH	Perú	Arequipa	1000+	Analista	2026-02-28 21:50:02
212	Manuel	Paredes	manuel.paredes@empresa.mx	+507 378 339 2223		Construcciones Unidas	Producción	Colombia	Medellín		Director	2026-01-13 15:33:59
213	Teresa	Vargas	teresa.vargas@empresa.com	+56 562 415 8591		Alimentos del Pacífico	Ventas	Argentina	Rosario	1000+	CEO	2025-12-21 21:02:05
214	Daniela	Torres	daniela.torres@corporativo.mx	+506 505 625 1802		Minera del Valle	Marketing	México	Puebla	1000+	Jefe de Área	2026-01-23 23:27:58
215	Mónica	Pérez	monica.perez@empresa.com	+54 224 112 2010		Automotriz Central	Marketing	Chile	Valparaíso	11-50	VP	2026-01-26 12:54:46
216	Patricia	Miranda	patricia.miranda@corporativo.com	+56 761 554 3110	+506 225 143 8552	Innovación Digital	Marketing	Uruguay	Montevideo	51-200	CEO	2026-01-07 03:49:27
217	Alberto	Rivera	alberto.rivera@corporativo.com	+51 386 556 3435	+56 762 402 9173	Aluminios del Norte	Compras	Panamá	Ciudad de Panamá		Coordinador	2026-01-07 04:29:25
218	Paula	Medina	paula.medina@corporativo.com	+593 355 745 9907		Cemento del Golfo	TI	Panamá	Ciudad de Panamá	11-50	Analista	2026-01-07 16:59:38
219	Rafael	Rivera	rafael.rivera@corporativo.com	+52 930 897 5602	+507 642 466 4813	Corporativo Norte	Ventas	Chile	Concepción	1-10	Coordinador	2026-01-21 19:35:12
220	Sofía	Espinoza	sofia.espinoza@empresa.mx	+598 463 959 3846		Cloud Services MX	TI	Costa Rica	San José	501-1000	Analista	2026-03-02 23:58:18
221	Ricardo	Campos	ricardo.campos@empresa.com	+507 655 416 3876		Textiles Modernos		Chile	Concepción	1-10	CEO	2026-01-21 02:42:50
222	Silvia	García	silvia.garcia@corporativo.com	+54 448 834 3907		TransCargo SA		México	Monterrey	201-500	Director	2026-02-14 04:24:17
223	Nicolás	Contreras	nicolas.contreras@empresa.mx	+57 482 821 7481		Aceros Industriales	Operaciones	Costa Rica	San José	1-10	Especialista	2026-02-15 21:07:36
224	Iván	Silva	ivan.silva@corporativo.com	+593 810 728 6846		Cloud Services MX	Marketing	Uruguay	Montevideo	501-1000	Coordinador	2025-12-13 08:44:35
225	Carlos	Valenzuela	carlos.valenzuela@corporativo.com	+598 971 889 1530		TransCargo SA	Producción	Chile	Concepción	201-500	VP	2026-03-01 22:38:26
226	Marta	Torres	marta.torres1@empresa.com	+506 427 271 2453		PropTech Desarrollo	TI	Panamá	Ciudad de Panamá	11-50	Gerente	2025-12-25 05:28:20
227	Daniel	Jiménez	daniel.jimenez@corporativo.mx	+52 149 495 8179		Corporativo Norte	Finanzas	Panamá	Ciudad de Panamá	11-50	Especialista	2025-12-10 20:20:44
228	Silvia	Sandoval	silvia.sandoval@empresa.com	+56 266 562 2207		Fabricaciones del Sur	Operaciones	México	Guadalajara	11-50	VP	2025-12-08 04:53:58
229	Jimena	Flores	jimena.flores@empresa.mx	+57 660 195 6536		Fintech Soluciones	Dirección	México	Puebla	501-1000	Director	2026-01-28 23:09:09
230	Carmen	Flores	carmen.flores@corporativo.mx	+56 519 813 9849		Plásticos Avanzados	Operaciones	Chile	Santiago		Especialista	2026-01-25 12:19:12
231	Iván	Torres	ivan.torres@corporativo.mx	+57 401 943 8869		TechLatam Solutions	RRHH	Argentina	Rosario		Jefe de Área	2026-02-20 22:07:28
232	Nicolás	Ramos	nicolas.ramos@empresa.mx	+51 193 757 9914		Maquinaria Pesada	Finanzas	Costa Rica	San José	51-200	CEO	2025-12-26 13:31:26
233	Raúl	Vega	raul.vega@corporativo.com	+52 254 870 2584	+506 927 654 7782	Grupo Vanguardia	Producción	Chile	Concepción		Especialista	2026-02-18 11:01:20
234	Joaquín	Medina	joaquin.medina@empresa.com	+507 686 341 8803		Vidrio y Cristal		Ecuador	Quito		Jefe de Área	2025-12-17 18:50:13
235	Laura	Díaz	laura.diaz@empresa.mx	+598 180 799 8133		EdTech Innovación	Marketing	Perú	Arequipa	501-1000	VP	2025-12-09 10:47:19
236	Verónica	Guerrero	veronica.guerrero@corporativo.mx	+51 632 569 1202		Fintech Soluciones	Producción	Ecuador	Guayaquil		Especialista	2025-12-15 12:41:30
237	Ricardo	Campos	ricardo.campos1@empresa.com	+57 208 676 2654		Snacks Premium	TI	Uruguay	Montevideo	51-200	Jefe de Área	2026-01-25 12:54:38
238	Esteban	Martínez	esteban.martinez@corporativo.mx	+598 139 505 6431		Innovación Digital	Dirección	Perú	Arequipa		Analista	2026-02-18 08:38:50
239	Tomás	Ramos	tomas.ramos@corporativo.mx	+57 989 333 3201		Corporativo Atlas	Dirección	Costa Rica	San José	501-1000	Especialista	2026-01-28 17:42:12
240	Luciana	Gómez	luciana.gomez@empresa.com	+598 858 596 9462		Innovación Digital	Compras	Argentina	Buenos Aires	11-50	Especialista	2025-12-14 04:05:13
241	Elena	Campos	elena.campos@corporativo.mx	+56 957 159 5087	+52 469 821 4262	Agroindustrias Real	TI	Panamá	Ciudad de Panamá	501-1000	VP	2026-02-05 03:15:04
242	Isabella	Morales	isabella.morales@corporativo.com	+54 991 585 6730		Minera del Valle	Ventas	Perú	Lima	51-200	CEO	2025-12-16 19:36:06
243	Claudia	Contreras	claudia.contreras@corporativo.mx	+56 375 767 7709		Soluciones Integradas		Panamá	Ciudad de Panamá	501-1000	Director	2026-01-28 08:45:44
244	Valentina	Cruz	valentina.cruz@corporativo.com	+51 829 826 5511		Cemento del Golfo	TI	Panamá	Ciudad de Panamá	1-10	Jefe de Área	2025-12-30 08:02:56
245	Joaquín	Miranda	joaquin.miranda@empresa.com	+52 623 778 7131		Cybersecurity Corp	Producción	Perú	Arequipa	501-1000	VP	2026-01-16 18:31:54
246	Daniel	Castillo	daniel.castillo@empresa.com	+51 367 771 5895		Bebidas del Valle	RRHH	México	León	1000+	Especialista	2026-02-03 03:08:49
247	Emilio	Cortés	emilio.cortes@corporativo.mx	+507 402 365 7857		Corporativo Atlas		Chile	Valparaíso	501-1000	Gerente	2026-02-05 15:14:13
248	Ramón	Molina	ramon.molina@empresa.com	+506 619 407 3785		Fertilizantes del Campo	Marketing	Perú	Lima	51-200	Director	2026-02-10 22:27:58
249	Patricia	Valenzuela	patricia.valenzuela@empresa.com	+54 796 443 2463		Automotriz Central	Operaciones	Uruguay	Montevideo	11-50	Coordinador	2026-01-26 20:28:43
250	Catalina	Vega	catalina.vega@empresa.mx	+57 583 299 9199	+598 642 405 7768	Innovación Digital	Marketing	Argentina	Córdoba	11-50	Especialista	2026-01-25 06:48:23
251	Alfredo	Torres	alfredo.torres@corporativo.com	+57 599 440 3897		Innovación Digital		Panamá	Ciudad de Panamá	1-10	Director	2026-01-25 22:49:37
252	Miguel	Navarro	miguel.navarro@empresa.com	+54 729 544 8035		Caucho y Derivados	Finanzas	México	CDMX	201-500	Gerente	2026-02-09 22:33:32
253	Adriana	García	adriana.garcia@empresa.com	+593 295 118 1067		Electrónica Global	RRHH	Costa Rica	San José	1-10	VP	2026-01-07 05:44:14
254	Germán	Ríos	german.rios@corporativo.mx	+52 405 397 8469		Cybersecurity Corp	Compras	Costa Rica	San José	501-1000	Director	2026-01-03 06:37:31
255	Iván	Jiménez	ivan.jimenez@empresa.mx	+598 119 333 4675		Construcciones Unidas	RRHH	México	Querétaro	201-500	Director	2025-12-12 22:59:17
256	Martín	Estrada	martin.estrada@empresa.mx	+51 889 647 1796		Innovación Digital	Ventas	México	CDMX	501-1000	VP	2026-01-10 11:09:26
257	Raúl	Aguilar	raul.aguilar1@empresa.com	+54 310 811 1152		PropTech Desarrollo	Ventas	Ecuador	Guayaquil	201-500	Director	2026-01-10 15:56:05
258	Gabriela	Delgado	gabriela.delgado@empresa.mx	+57 903 208 9154		Green Energy LATAM	Operaciones	Ecuador	Quito	11-50	Especialista	2025-12-29 16:13:05
259	Miguel	Martínez	miguel.martinez@empresa.com	+507 438 340 1044	+57 213 955 9095	Logística Express	Ventas	Ecuador	Quito	501-1000	VP	2026-02-26 20:17:19
260	Luis	Silva	luis.silva@corporativo.com	+51 370 575 1820	+54 995 140 5760	Maquinaria Pesada	TI	Uruguay	Montevideo		CEO	2025-12-01 22:32:17
261	Paula	Domínguez	paula.dominguez@empresa.mx	+507 736 374 2522		Aceros Industriales	Marketing	Colombia	Barranquilla	51-200	Jefe de Área	2025-12-27 09:25:01
262	Verónica	Paredes	veronica.paredes@empresa.com	+54 215 235 1960		Corporativo Norte	Ventas	Uruguay	Montevideo	1000+	Jefe de Área	2025-12-18 14:22:03
263	Gabriel	Montes	gabriel.montes@corporativo.mx	+54 594 599 2850		Textil Orgánico		Colombia	Cali	501-1000	Analista	2025-12-02 04:48:04
264	Elena	Montes	elena.montes@empresa.com	+56 785 994 6542		RetailTech Global	Producción	Colombia	Barranquilla	501-1000	Gerente	2026-01-16 18:58:39
265	Pablo	Domínguez	pablo.dominguez@empresa.mx	+593 727 155 1190		Corporativo Norte	Compras	Panamá	Ciudad de Panamá	1000+	Director	2025-12-08 06:26:55
266	Iván	Vargas	ivan.vargas@corporativo.com	+52 619 328 7203		Electrónica Global	Ventas	Panamá	Ciudad de Panamá	1000+	Jefe de Área	2025-12-09 13:06:04
267	Marta	Herrera	marta.herrera@corporativo.com	+52 205 513 7755	+593 100 945 2489	Cybersecurity Corp	Producción	Perú	Trujillo	201-500	Gerente	2026-02-02 13:19:09
268	Alfredo	Castillo	alfredo.castillo@corporativo.mx	+56 964 565 6439		Fintech Soluciones	Producción	Panamá	Ciudad de Panamá	501-1000	Jefe de Área	2025-12-12 01:41:37
269	Diego	Espinoza	diego.espinoza@empresa.mx	+506 949 748 5783		Maquinaria Pesada	Ventas	México	Monterrey	51-200	Director	2026-02-18 19:01:22
270	Oscar	Pérez	oscar.perez@corporativo.mx	+57 972 502 4532		Green Energy LATAM	TI	Colombia	Barranquilla		VP	2026-02-13 23:13:43
271	Gloria	Vega	gloria.vega@empresa.com	+54 610 104 9689		Fertilizantes del Campo	Finanzas	Panamá	Ciudad de Panamá	501-1000	Director	2026-02-09 22:10:33
272	Fernando	Pérez	fernando.perez@corporativo.com	+506 616 493 7859		RetailTech Global	RRHH	Perú	Arequipa	11-50	Coordinador	2026-01-13 23:12:25
273	Paula	Ramírez	paula.ramirez@empresa.com	+593 406 963 9975		MediaTech Creative	Compras	Chile	Santiago	1-10	Coordinador	2026-02-05 15:55:13
274	Pablo	Cortés	pablo.cortes@corporativo.com	+54 615 655 6281		Grupo Vanguardia	TI	Ecuador	Guayaquil	201-500	Especialista	2026-02-04 11:06:04
275	Ramón	Ortiz	ramon.ortiz@empresa.mx	+52 635 209 1414		Innovación Digital		Chile	Valparaíso	1000+	Director	2025-12-28 19:51:45
276	Luis	Torres	luis.torres@empresa.com	+51 308 871 9866	+507 204 730 4675	Corporativo Atlas	Compras	Uruguay	Montevideo	201-500	Coordinador	2026-02-06 06:39:29
277	Alejandro	Aguilar	alejandro.aguilar@corporativo.com	+506 665 155 1212		Green Energy LATAM	Producción	Panamá	Ciudad de Panamá	501-1000	Analista	2026-02-12 07:31:42
278	Cecilia	León	cecilia.leon@empresa.com	+56 401 559 3906		Metal Works SA	Marketing	Argentina	Buenos Aires	51-200	CEO	2026-01-11 14:29:44
279	Natalia	Guerrero	natalia.guerrero@corporativo.mx	+51 105 438 8640		Logística Express		Argentina	Rosario	201-500	CEO	2026-02-14 02:45:38
280	Tomás	Navarro	tomas.navarro@empresa.com	+57 902 824 6207		Manufactura Premium	Compras	Colombia	Cartagena	1-10	Especialista	2026-01-22 17:28:06
281	Ramón	Mendoza	ramon.mendoza@corporativo.mx	+56 779 439 6424		BioFarma Continental	Producción	Ecuador	Guayaquil	201-500	CEO	2025-12-12 03:19:17
282	Pablo	Herrera	pablo.herrera@corporativo.com	+56 140 798 6258		Alimentos del Pacífico	Finanzas	Perú	Trujillo	501-1000	Coordinador	2025-12-03 09:34:06
283	Joaquín	Miranda	joaquin.miranda1@empresa.com	+593 556 598 1718		HealthTech Partners	RRHH	Costa Rica	San José		Director	2026-03-03 20:17:06
284	Ramón	Salazar	ramon.salazar@corporativo.mx	+56 985 801 7950		BioFarma Continental	Compras	Uruguay	Montevideo	501-1000	Director	2025-12-03 07:20:54
285	Alfredo	Estrada	alfredo.estrada@corporativo.mx	+52 282 913 5127		Software Empresarial	RRHH	Perú	Arequipa	51-200	Jefe de Área	2026-01-31 04:30:45
286	Beatriz	Castro	beatriz.castro@corporativo.mx	+57 647 106 2036		Cloud Services MX		Colombia	Cali	201-500	VP	2025-12-29 03:22:05
287	Tomás	Figueroa	tomas.figueroa@corporativo.com	+507 490 504 1504		Snacks Premium	RRHH	Argentina	Mendoza	1000+	Coordinador	2026-01-31 13:26:00
288	Ricardo	Ramos	ricardo.ramos@empresa.com	+506 111 666 3316	+52 686 710 7456	Snacks Premium	Compras	Colombia	Cali	1-10	Analista	2025-12-21 13:22:58
289	Oscar	Silva	oscar.silva@empresa.mx	+54 326 731 5140		Manufactura Premium	Producción	México	León	1000+	Jefe de Área	2026-02-01 14:12:01
290	Mariana	Ortiz	mariana.ortiz@empresa.mx	+56 843 694 8982		Papel y Cartón MX	Marketing	Chile	Santiago	11-50	VP	2026-02-26 09:25:42
291	Eduardo	Vargas	eduardo.vargas@empresa.mx	+51 810 698 3496		Maquinaria Pesada	TI	Uruguay	Montevideo		Analista	2025-12-24 21:37:46
292	Francisco	Estrada	francisco.estrada@empresa.mx	+506 237 795 6432		Pinturas Internacionales	Dirección	Costa Rica	San José	51-200	VP	2025-12-18 01:34:26
293	Andrés	Fuentes	andres.fuentes@corporativo.com	+593 301 369 2252		TechLatam Solutions	Compras	México	León	201-500	Especialista	2026-02-13 16:21:59
294	Claudia	Martínez	claudia.martinez1@empresa.com	+593 583 769 3435		Automotriz Central	Producción	Perú	Lima	51-200	VP	2026-01-08 12:34:35
295	Martín	Delgado	martin.delgado@corporativo.mx	+54 875 626 3299		Manufactura Premium	Producción	Argentina	Mendoza	11-50	CEO	2025-12-22 05:53:07
296	Iván	Cruz	ivan.cruz@corporativo.mx	+52 784 311 9485		Maquinaria Pesada	Finanzas	Panamá	Ciudad de Panamá		CEO	2026-02-01 23:10:19
297	Daniela	Pérez	daniela.perez@empresa.com	+51 954 859 5314		Software Empresarial	Marketing	Uruguay	Montevideo	11-50	VP	2026-01-20 03:54:42
298	Luis	Aguilar	luis.aguilar@empresa.mx	+598 461 936 6653		Caucho y Derivados	Producción	México	Querétaro	1-10	Jefe de Área	2025-12-17 01:53:22
299	Diana	González	diana.gonzalez@empresa.mx	+54 291 261 6934		Alimentos del Pacífico	RRHH	Uruguay	Montevideo	501-1000	VP	2026-01-16 18:00:54
300	Silvia	Ruiz	silvia.ruiz@corporativo.mx	+598 122 349 1706	+54 237 744 9399	Fabricaciones del Sur	Producción	Argentina	Buenos Aires	1-10	Coordinador	2026-02-28 13:27:25
