id_interaccion	id_lead	id_deal	id_vendedor	tipo_interaccion	resultado	numero_toque	timestamp	duracion_seg	notas
1	1		2	WhatsApp	Contesto	1	2026-02-02 22:05:45		
2	1		2	WhatsApp	No Contesto	2	2026-02-02 12:47:10		Llamada breve, pide callback
3	2		2	WhatsApp	Contesto	1	2026-01-10 10:39:12		
4	2		2	WhatsApp	No Contesto	2	2026-01-11 20:54:42		
5	2		2	Correo	No Contesto	3	2026-01-10 15:35:37		
6	2		2	Correo	No Contesto	4	2026-01-11 22:53:31		Llamada breve, pide callback
7	3		4	Correo	No Contesto	1	2026-01-29 05:06:29		
8	3		4	Telefono	No Contesto	2	2026-01-27 17:23:57		
9	3		4	WhatsApp	No Contesto	3	2026-01-26 23:44:35		
10	3		4	Telefono	Contesto	4	2026-01-19 03:17:19	596	Positivo, agenda follow-up
11	3		4	WhatsApp	No Contesto	5	2026-01-28 07:46:02		
12	4		3	WhatsApp	No Contesto	1	2026-01-28 06:39:23		
13	4		3	Telefono	No Contesto	2	2026-01-28 12:03:42		
14	5		5	Correo	No Contesto	1	2026-02-02 19:37:55		Línea ocupada
15	5		5	WhatsApp	No Contesto	2	2026-01-28 00:08:58		
16	5		5	WhatsApp	No Contesto	3	2026-02-02 02:34:25		
17	5		5	Correo	Contesto	4	2026-01-26 11:05:01		Positivo, agenda follow-up
18	5		5	Telefono	No Contesto	5	2026-01-26 13:12:16		
19	5		5	WhatsApp	No Contesto	6	2026-01-29 23:53:39		
20	5		5	WhatsApp	No Contesto	7	2026-02-01 04:55:07		Buzón de voz
21	6		3	Correo	No Contesto	1	2026-01-30 10:19:39		
22	6		3	Correo	No Contesto	2	2026-02-03 20:43:48		Llamada breve, pide callback
23	6		3	Telefono	No Contesto	3	2026-02-02 21:04:25		
24	6		3	Telefono	No Contesto	4	2026-02-02 02:57:53		
25	6		3	WhatsApp	No Contesto	5	2026-02-01 09:14:46		
26	6		3	Correo	No Contesto	6	2026-02-01 06:48:45		
27	6		3	Correo	No Contesto	7	2026-02-02 20:31:00		
28	7		1	Correo	No Contesto	1	2026-01-28 19:30:52		
29	7		1	Correo	No Contesto	2	2026-01-15 12:48:48		
30	9		2	WhatsApp	No Contesto	1	2026-02-05 07:16:36		
31	9		2	Telefono	Contesto	2	2026-02-09 07:18:48	540	
32	9		2	Telefono	No Contesto	3	2026-02-05 15:31:48		
33	9		2	Telefono	Contesto	4	2026-02-08 02:47:56	36	Respondió bien, buen perfil
34	9		2	WhatsApp	Contesto	5	2026-02-02 16:22:28		Confirmó interés
35	10		4	WhatsApp	No Contesto	1	2026-01-30 11:33:04		
36	10		4	WhatsApp	No Contesto	2	2026-01-30 19:35:06		
37	10		4	WhatsApp	No Contesto	3	2026-02-04 05:00:46		
38	10		4	WhatsApp	No Contesto	4	2026-01-30 12:03:37		
39	10		4	WhatsApp	No Contesto	5	2026-02-05 22:04:48		
40	11		1	Telefono	No Contesto	1	2026-01-13 15:38:03		
41	11		1	WhatsApp	Contesto	2	2026-01-17 01:07:22		Disponible siguiente semana
42	11		1	Telefono	No Contesto	3	2026-01-16 19:24:03		
43	12		4	WhatsApp	No Contesto	1	2026-01-17 11:08:50		
44	12		4	WhatsApp	No Contesto	2	2026-01-12 21:07:55		Línea ocupada
45	12		4	Correo	No Contesto	3	2026-01-08 14:11:56		
46	12		4	WhatsApp	No Contesto	4	2026-01-18 17:47:47		
47	12		4	WhatsApp	No Contesto	5	2026-01-14 09:46:08		
48	12		4	WhatsApp	No Contesto	6	2026-01-11 07:34:44		
49	12		4	Telefono	No Contesto	7	2026-01-16 11:50:00		
50	13		2	WhatsApp	Contesto	1	2026-01-29 21:04:22		Disponible siguiente semana
51	13		2	Telefono	Contesto	2	2026-02-04 10:22:04	193	Respondió bien, buen perfil
52	13		2	WhatsApp	Contesto	3	2026-02-09 16:51:45		
53	14		4	Correo	Contesto	1	2026-01-10 02:23:17		
54	14		4	Telefono	No Contesto	2	2026-01-10 16:42:48		Buzón de voz
55	14		4	WhatsApp	No Contesto	3	2026-01-11 00:18:01		
56	14		4	Correo	No Contesto	4	2026-01-11 12:12:20		
57	14		4	Telefono	No Contesto	5	2026-01-12 00:12:20		
58	15		5	WhatsApp	Contesto	1	2026-01-17 10:05:15		
59	16		3	WhatsApp	Contesto	1	2026-02-10 20:21:06		
60	17		1	Telefono	No Contesto	1	2026-01-18 01:55:19		
61	17		1	WhatsApp	No Contesto	2	2026-01-28 04:43:14		
62	17		1	WhatsApp	No Contesto	3	2026-01-22 07:46:02		
63	17		1	WhatsApp	No Contesto	4	2026-01-28 07:19:59		
64	18		4	Correo	Contesto	1	2026-01-26 16:44:53		
65	18		4	WhatsApp	No Contesto	2	2026-01-29 12:58:20		
66	18		4	Telefono	Contesto	3	2026-01-29 19:10:18	63	
67	18		4	Correo	Contesto	4	2026-01-30 07:32:38		Respondió bien, buen perfil
68	18		4	WhatsApp	Contesto	5	2026-01-29 15:52:08		Disponible siguiente semana
69	19		2	Telefono	Contesto	1	2026-02-16 00:24:58	340	Buena conversación, agenda demo
70	19		2	WhatsApp	Contesto	2	2026-02-18 19:31:16		Confirmó interés
71	19		2	Correo	Contesto	3	2026-02-22 13:37:29		Disponible siguiente semana
72	20		3	Telefono	Contesto	1	2026-01-16 11:00:43	347	
73	20		3	Correo	No Contesto	2	2026-01-16 19:32:47		
74	20		3	Correo	Contesto	3	2026-01-09 03:24:05		
75	20		3	WhatsApp	No Contesto	4	2026-01-17 04:18:40		Línea ocupada
76	21		1	WhatsApp	No Contesto	1	2026-01-23 11:51:59		
77	21		1	Correo	No Contesto	2	2026-01-15 03:55:57		
78	21		1	Correo	No Contesto	3	2026-01-16 16:48:47		
79	22		1	WhatsApp	No Contesto	1	2026-01-22 01:24:46		
80	22		1	Telefono	No Contesto	2	2026-01-19 17:35:33		
81	22		1	WhatsApp	No Contesto	3	2026-01-29 09:41:14		
82	22		1	WhatsApp	No Contesto	4	2026-01-16 12:22:06		Sin respuesta
83	23		2	Correo	Contesto	1	2026-02-10 12:29:51		Positivo, agenda follow-up
84	23		2	Correo	No Contesto	2	2026-02-05 03:20:22		
85	23		2	WhatsApp	No Contesto	3	2026-02-03 17:07:38		
86	24		1	Telefono	Contesto	1	2026-01-04 03:15:15	570	
87	24		1	Telefono	Contesto	2	2026-01-06 11:06:21	584	Interesado, pide más info
88	24		1	Telefono	No Contesto	3	2026-01-08 07:05:02		
89	24		1	WhatsApp	Contesto	4	2026-01-19 23:11:52		
90	24		1	Telefono	No Contesto	5	2026-01-12 18:51:06		
91	25		3	Telefono	No Contesto	1	2026-01-27 15:02:57		
92	25		3	Correo	Contesto	2	2026-01-25 10:31:58		Disponible siguiente semana
93	25		3	WhatsApp	No Contesto	3	2026-02-09 14:13:39		
94	25		3	Telefono	Contesto	4	2026-01-27 21:18:48	596	
95	26		4	Telefono	No Contesto	1	2026-01-18 19:28:09		
96	26		4	Correo	No Contesto	2	2026-01-24 20:06:37		
97	26		4	WhatsApp	Contesto	3	2026-02-02 03:38:52		
98	26		4	Telefono	No Contesto	4	2026-01-24 19:08:35		
99	28		2	WhatsApp	No Contesto	1	2026-01-27 08:33:55		
100	28		2	WhatsApp	No Contesto	2	2026-01-27 14:56:47		Llamada breve, pide callback
101	28		2	Correo	No Contesto	3	2026-01-29 08:15:55		
102	28		2	Telefono	No Contesto	4	2026-01-28 19:22:49		
103	29		3	Correo	Contesto	1	2026-01-27 07:01:03		
104	29		3	Telefono	No Contesto	2	2026-01-24 09:20:15		Sin respuesta
105	29		3	WhatsApp	Contesto	3	2026-01-30 10:08:58		
106	29		3	Correo	No Contesto	4	2026-01-25 07:10:43		
107	30		2	WhatsApp	No Contesto	1	2026-01-12 14:56:55		
108	31		3	WhatsApp	No Contesto	1	2026-01-27 01:17:32		
109	31		3	WhatsApp	No Contesto	2	2026-01-21 16:15:44		
110	31		3	WhatsApp	Contesto	3	2026-01-20 07:27:57		
111	32		1	WhatsApp	Contesto	1	2026-01-17 23:28:58		
112	32		1	WhatsApp	No Contesto	2	2026-01-26 18:45:14		
113	32		1	WhatsApp	Contesto	3	2026-01-29 09:15:58		
114	32		1	Telefono	Contesto	4	2026-01-29 08:15:54	485	
115	32		1	WhatsApp	No Contesto	5	2026-01-29 18:55:12		
116	33		4	Telefono	No Contesto	1	2026-01-31 07:22:12		Línea ocupada
117	33		4	Correo	Contesto	2	2026-02-11 03:38:14		
118	33		4	WhatsApp	No Contesto	3	2026-02-18 06:26:19		
119	33		4	Correo	No Contesto	4	2026-02-21 00:28:57		
120	34		2	Correo	No Contesto	1	2026-01-20 21:24:53		
121	34		2	Correo	No Contesto	2	2026-01-25 13:46:52		Llamada breve, pide callback
122	34		2	Telefono	No Contesto	3	2026-02-02 03:26:25		
123	34		2	WhatsApp	No Contesto	4	2026-02-04 05:31:40		
124	34		2	WhatsApp	No Contesto	5	2026-02-05 06:36:37		Buzón de voz
125	34		2	Telefono	No Contesto	6	2026-01-28 00:46:44		
126	35		3	Telefono	No Contesto	1	2026-01-13 08:58:06		
127	35		3	WhatsApp	No Contesto	2	2026-01-16 04:20:37		
128	35		3	Correo	No Contesto	3	2026-01-13 20:27:23		Línea ocupada
129	35		3	WhatsApp	No Contesto	4	2026-01-09 18:56:25		Sin respuesta
130	36		4	WhatsApp	No Contesto	1	2026-01-16 18:40:00		
131	36		4	Telefono	No Contesto	2	2026-01-25 08:43:50		
132	36		4	Telefono	No Contesto	3	2026-01-23 19:00:24		Sin respuesta
133	36		4	Correo	No Contesto	4	2026-01-21 15:27:52		
134	36		4	WhatsApp	Contesto	5	2026-01-22 17:39:10		Confirmó interés
135	36		4	Telefono	No Contesto	6	2026-01-19 12:22:25		Llamada breve, pide callback
136	37		1	WhatsApp	No Contesto	1	2026-01-16 22:43:58		
137	37		1	Telefono	No Contesto	2	2026-01-17 12:37:33		
138	38		3	WhatsApp	Contesto	1	2026-01-03 05:20:08		
139	39		5	WhatsApp	Contesto	1	2026-02-02 20:23:55		
140	39		5	Telefono	Contesto	2	2026-01-24 07:44:35	416	
141	39		5	Correo	Contesto	3	2026-01-27 02:36:50		Respondió bien, buen perfil
142	40		4	Telefono	No Contesto	1	2026-01-26 19:12:39		Buzón de voz
143	40		4	WhatsApp	No Contesto	2	2026-01-26 23:52:23		
144	40		4	WhatsApp	No Contesto	3	2026-01-28 19:38:21		
145	40		4	WhatsApp	No Contesto	4	2026-01-28 11:55:30		
146	40		4	Correo	No Contesto	5	2026-01-28 05:46:47		
147	40		4	WhatsApp	Contesto	6	2026-01-28 05:58:55		
148	40		4	Telefono	No Contesto	7	2026-01-28 23:39:32		
149	40		4	WhatsApp	No Contesto	8	2026-01-29 10:03:35		Sin respuesta
150	41		3	WhatsApp	Contesto	1	2026-02-06 16:27:25		
151	41		3	Telefono	No Contesto	2	2026-01-24 14:01:26		Sin respuesta
152	41		3	WhatsApp	No Contesto	3	2026-02-01 07:11:09		
153	41		3	Correo	No Contesto	4	2026-01-27 16:39:26		
154	41		3	WhatsApp	Contesto	5	2026-01-24 19:29:35		
155	42		2	Telefono	Contesto	1	2026-01-03 08:06:33	462	
156	42		2	Correo	No Contesto	2	2026-01-04 22:55:11		
157	42		2	Telefono	No Contesto	3	2026-01-11 10:40:05		
158	42		2	WhatsApp	No Contesto	4	2026-01-13 20:27:49		
159	43		3	WhatsApp	No Contesto	1	2026-01-30 06:33:47		Buzón de voz
160	44		4	Telefono	Contesto	1	2026-01-12 03:10:59	265	
161	44		4	Telefono	No Contesto	2	2026-01-13 22:46:59		
162	44		4	WhatsApp	No Contesto	3	2026-01-10 12:10:53		
163	44		4	Telefono	Contesto	4	2026-01-12 07:46:25	175	Interesado, pide más info
164	44		4	WhatsApp	No Contesto	5	2026-01-15 19:03:13		Buzón de voz
165	44		4	Telefono	No Contesto	6	2026-01-13 06:06:31		
166	44		4	WhatsApp	No Contesto	7	2026-01-15 18:58:41		
167	45		2	Telefono	No Contesto	1	2026-01-17 03:41:35		No disponible
168	45		2	WhatsApp	No Contesto	2	2026-01-17 21:23:22		
169	45		2	Telefono	No Contesto	3	2026-01-24 16:04:36		
170	45		2	WhatsApp	No Contesto	4	2026-01-26 17:24:16		
171	45		2	Telefono	No Contesto	5	2026-01-19 20:56:20		
172	46		2	WhatsApp	No Contesto	1	2026-01-18 13:40:09		
173	47		2	Correo	No Contesto	1	2026-01-14 16:45:07		
174	47		2	WhatsApp	No Contesto	2	2026-01-12 01:07:30		
175	48		3	Correo	No Contesto	1	2026-02-08 20:55:32		
176	48		3	Telefono	Contesto	2	2026-02-06 14:51:23	96	Quiere cotización
177	48		3	WhatsApp	No Contesto	3	2026-02-08 01:16:45		
178	48		3	WhatsApp	Contesto	4	2026-02-13 11:43:36		
179	48		3	WhatsApp	No Contesto	5	2026-02-08 16:54:37		
180	48		3	WhatsApp	No Contesto	6	2026-02-16 09:14:42		
181	49		1	Telefono	No Contesto	1	2026-02-02 08:32:32		
182	50		4	Telefono	Contesto	1	2026-01-21 10:22:32	190	
183	50		4	WhatsApp	No Contesto	2	2026-01-06 21:17:43		
184	50		4	Telefono	No Contesto	3	2026-01-09 17:07:49		
185	50		4	WhatsApp	No Contesto	4	2026-01-14 23:15:53		
186	50		4	WhatsApp	Contesto	5	2026-01-17 04:52:55		
187	50		4	WhatsApp	Contesto	6	2026-01-11 07:14:06		Buena conversación, agenda demo
188	51		3	Correo	Contesto	1	2026-01-15 06:56:42		
189	51		3	WhatsApp	No Contesto	2	2026-01-12 11:07:48		Buzón de voz
190	51		3	WhatsApp	No Contesto	3	2026-01-14 06:00:34		
191	52		3	Telefono	No Contesto	1	2026-01-14 02:53:58		
192	52		3	Telefono	No Contesto	2	2026-01-13 15:56:22		
193	52		3	WhatsApp	No Contesto	3	2026-01-14 03:40:25		Línea ocupada
194	52		3	Telefono	No Contesto	4	2026-01-14 10:55:13		
195	52		3	Correo	No Contesto	5	2026-01-14 22:55:12		
196	52		3	WhatsApp	No Contesto	6	2026-01-15 10:55:12		
197	53		2	Telefono	No Contesto	1	2026-02-10 05:23:02		
198	53		2	WhatsApp	No Contesto	2	2026-02-04 21:32:00		
199	53		2	WhatsApp	No Contesto	3	2026-02-03 12:11:35		
200	54		4	WhatsApp	No Contesto	1	2026-02-05 22:25:26		
201	55		5	Telefono	Contesto	1	2026-01-19 16:28:00	161	
202	55		5	WhatsApp	No Contesto	2	2026-01-19 20:38:32		
203	55		5	Telefono	No Contesto	3	2026-01-19 15:59:51		
204	56		5	Telefono	No Contesto	1	2026-02-10 14:58:07		
205	56		5	Correo	Contesto	2	2026-02-05 08:42:56		
206	56		5	WhatsApp	No Contesto	3	2026-02-11 18:38:21		
207	56		5	Correo	No Contesto	4	2026-02-07 19:53:34		Llamada breve, pide callback
208	57		2	WhatsApp	Contesto	1	2026-02-08 09:06:04		
209	57		2	Telefono	Contesto	2	2026-02-14 07:12:43	596	Respondió bien, buen perfil
210	58		5	WhatsApp	Contesto	1	2026-02-04 20:19:01		
211	58		5	WhatsApp	Contesto	2	2026-02-09 00:56:07		
212	58		5	Telefono	Contesto	3	2026-02-15 01:25:14	41	Respondió bien, buen perfil
213	58		5	Correo	No Contesto	4	2026-02-05 15:52:01		Llamada breve, pide callback
214	58		5	WhatsApp	Contesto	5	2026-02-25 09:43:55		
215	58		5	Telefono	No Contesto	6	2026-02-14 11:07:45		
216	59		4	Telefono	No Contesto	1	2026-01-12 02:34:09		
217	59		4	WhatsApp	No Contesto	2	2026-01-11 18:15:15		
218	59		4	Correo	No Contesto	3	2026-01-15 06:22:14		
219	59		4	Telefono	No Contesto	4	2026-01-19 21:23:53		
220	60		4	WhatsApp	Contesto	1	2026-01-06 10:46:50		Quiere cotización
221	60		4	Telefono	No Contesto	2	2026-01-07 13:48:22		
222	61		2	WhatsApp	Contesto	1	2026-01-22 05:43:56		
223	61		2	WhatsApp	No Contesto	2	2026-01-21 10:06:29		
224	61		2	Telefono	No Contesto	3	2026-01-21 10:20:24		
225	61		2	Correo	No Contesto	4	2026-01-22 19:37:05		
226	61		2	WhatsApp	Contesto	5	2026-01-22 12:42:19		
227	63		4	Correo	No Contesto	1	2026-01-28 08:47:53		Buzón de voz
228	63		4	WhatsApp	No Contesto	2	2026-01-29 20:53:39		
229	63		4	Telefono	No Contesto	3	2026-01-31 15:13:41		Llamada breve, pide callback
230	63		4	WhatsApp	No Contesto	4	2026-01-25 15:14:39		
231	63		4	Telefono	Contesto	5	2026-01-24 17:30:06	364	
232	64		4	WhatsApp	Contesto	1	2026-01-19 08:53:48		
233	65		4	Telefono	No Contesto	1	2026-01-27 01:10:42		
234	65		4	Correo	No Contesto	2	2026-01-11 10:10:50		
235	65		4	WhatsApp	No Contesto	3	2026-01-09 12:07:46		
236	65		4	Telefono	No Contesto	4	2026-01-18 19:38:04		
237	65		4	Telefono	Contesto	5	2026-01-25 00:10:28	575	Positivo, agenda follow-up
238	66		1	Correo	No Contesto	1	2026-01-14 04:03:06		
239	66		1	Telefono	Contesto	2	2026-01-09 21:43:29	79	
240	66		1	WhatsApp	No Contesto	3	2026-01-28 08:46:53		
241	66		1	Telefono	Contesto	4	2026-01-12 00:50:46	44	
242	66		1	Telefono	No Contesto	5	2026-01-21 21:16:08		
243	67		1	WhatsApp	No Contesto	1	2026-01-21 06:38:46		
244	67		1	Telefono	No Contesto	2	2026-01-25 15:25:16		
245	67		1	WhatsApp	No Contesto	3	2026-01-27 18:59:20		
246	67		1	Telefono	Contesto	4	2026-01-23 00:42:28	361	Quiere cotización
247	68		3	Telefono	Contesto	1	2026-01-25 23:52:34	97	
248	69		3	WhatsApp	No Contesto	1	2026-01-15 07:19:08		
249	69		3	WhatsApp	No Contesto	2	2026-01-18 10:16:09		
250	69		3	Telefono	No Contesto	3	2026-01-19 08:24:35		
251	70		1	WhatsApp	No Contesto	1	2026-01-15 04:02:48		
252	70		1	Correo	No Contesto	2	2026-01-14 07:38:12		
253	70		1	WhatsApp	No Contesto	3	2026-01-15 19:58:53		
254	70		1	Telefono	No Contesto	4	2026-01-16 02:03:31		
255	71		5	WhatsApp	Contesto	1	2026-01-25 13:40:39		Disponible siguiente semana
256	71		5	WhatsApp	Contesto	2	2026-02-05 21:36:48		
257	71		5	WhatsApp	No Contesto	3	2026-01-28 20:00:25		Llamada breve, pide callback
258	71		5	Telefono	Contesto	4	2026-02-05 08:19:04	68	Positivo, agenda follow-up
259	71		5	WhatsApp	No Contesto	5	2026-02-11 21:08:35		Línea ocupada
260	71		5	WhatsApp	No Contesto	6	2026-02-16 13:34:39		
261	71		5	Telefono	Contesto	7	2026-02-13 00:08:58	380	Disponible siguiente semana
262	71		5	Telefono	No Contesto	8	2026-02-21 09:57:45		
263	73		2	WhatsApp	Contesto	1	2026-01-13 11:33:57		Positivo, agenda follow-up
264	73		2	Telefono	No Contesto	2	2026-01-13 05:14:28		
265	73		2	Telefono	No Contesto	3	2026-01-14 22:18:23		
266	73		2	Telefono	No Contesto	4	2026-01-14 07:35:09		
267	73		2	Telefono	No Contesto	5	2026-01-14 17:48:54		
268	73		2	Telefono	No Contesto	6	2026-01-15 00:08:42		
269	74		5	WhatsApp	No Contesto	1	2026-01-18 19:37:03		
270	74		5	WhatsApp	No Contesto	2	2026-01-21 10:43:07		
271	75		2	WhatsApp	No Contesto	1	2026-01-28 00:55:04		
272	76		2	Correo	No Contesto	1	2026-01-26 19:44:51		
273	76		2	WhatsApp	Contesto	2	2026-02-09 22:27:40		
274	76		2	Telefono	No Contesto	3	2026-02-08 08:25:57		
275	76		2	Telefono	No Contesto	4	2026-02-10 00:08:15		
276	77		1	Telefono	No Contesto	1	2026-02-01 14:11:28		
277	77		1	Telefono	Contesto	2	2026-02-02 10:08:52	413	
278	77		1	Correo	No Contesto	3	2026-02-03 15:43:58		
279	77		1	WhatsApp	No Contesto	4	2026-02-03 16:31:38		Buzón de voz
280	78		1	WhatsApp	No Contesto	1	2026-01-21 14:08:26		
281	79		3	WhatsApp	No Contesto	1	2026-01-24 00:35:40		
282	79		3	WhatsApp	No Contesto	2	2026-01-23 15:24:49		
283	79		3	Correo	No Contesto	3	2026-01-24 08:02:08		
284	79		3	Correo	No Contesto	4	2026-01-24 12:14:26		
285	79		3	WhatsApp	No Contesto	5	2026-01-25 07:30:12		
286	80		2	Telefono	No Contesto	1	2026-01-11 23:37:04		Buzón de voz
287	80		2	WhatsApp	No Contesto	2	2026-01-23 22:51:24		
288	80		2	Correo	Contesto	3	2026-01-14 07:32:11		
289	81		2	Correo	Contesto	1	2026-02-18 23:34:09		
290	81		2	WhatsApp	No Contesto	2	2026-02-26 08:55:47		
291	81		2	WhatsApp	No Contesto	3	2026-02-14 19:17:10		Sin respuesta
292	82		3	Correo	Contesto	1	2026-02-12 13:32:20		
293	82		3	WhatsApp	Contesto	2	2026-02-11 01:37:22		
294	82		3	Telefono	Contesto	3	2026-02-23 16:14:33	567	
295	82		3	Telefono	No Contesto	4	2026-02-12 10:56:47		
296	82		3	WhatsApp	Contesto	5	2026-02-13 05:27:04		
297	82		3	Telefono	No Contesto	6	2026-02-15 05:05:24		
298	82		3	Telefono	Contesto	7	2026-02-14 16:59:10	295	
299	83		4	WhatsApp	No Contesto	1	2026-02-17 07:40:35		
300	83		4	Telefono	Contesto	2	2026-02-24 08:06:30	157	Confirmó interés
301	83		4	Telefono	Contesto	3	2026-02-27 10:42:42	133	Confirmó interés
302	83		4	WhatsApp	Contesto	4	2026-03-02 07:21:52		
303	83		4	Telefono	Contesto	5	2026-03-07 21:18:52	37	
304	84		5	Correo	No Contesto	1	2026-03-02 07:50:51		
305	84		5	Telefono	Contesto	2	2026-02-25 05:41:54	381	
306	84		5	Correo	No Contesto	3	2026-02-27 01:57:18		
307	84		5	Telefono	Contesto	4	2026-02-24 06:28:39	132	Respondió bien, buen perfil
308	84		5	WhatsApp	No Contesto	5	2026-02-15 11:29:22		Buzón de voz
309	85		5	Telefono	No Contesto	1	2026-03-02 07:42:16		
310	85		5	WhatsApp	No Contesto	2	2026-03-05 13:43:28		
311	85		5	WhatsApp	Contesto	3	2026-03-04 05:09:19		Confirmó interés
312	88		1	Correo	No Contesto	1	2026-02-07 01:03:38		
313	88		1	WhatsApp	Contesto	2	2026-02-07 03:32:42		
314	88		1	Telefono	No Contesto	3	2026-02-06 19:40:13		
315	88		1	Correo	No Contesto	4	2026-02-06 18:22:44		
316	89		2	WhatsApp	No Contesto	1	2026-02-26 10:07:27		
317	89		2	WhatsApp	Contesto	2	2026-02-25 03:02:06		
318	89		2	Telefono	No Contesto	3	2026-02-26 20:38:27		
319	89		2	WhatsApp	No Contesto	4	2026-02-16 20:21:37		
320	90		5	Telefono	Contesto	1	2026-02-17 08:51:14	121	Positivo, agenda follow-up
321	90		5	Telefono	No Contesto	2	2026-02-12 16:33:12		
322	90		5	WhatsApp	Contesto	3	2026-02-12 08:29:35		
323	91		1	WhatsApp	No Contesto	1	2026-03-04 06:58:41		
324	91		1	Telefono	No Contesto	2	2026-02-22 20:17:10		
325	91		1	WhatsApp	No Contesto	3	2026-03-05 13:03:32		
326	91		1	Correo	No Contesto	4	2026-02-27 16:14:14		
327	91		1	WhatsApp	No Contesto	5	2026-03-01 12:27:31		
328	91		1	Telefono	Contesto	6	2026-02-21 12:59:14	144	Positivo, agenda follow-up
329	91		1	WhatsApp	Contesto	7	2026-02-22 17:32:47		
330	92		2	Correo	No Contesto	1	2026-02-21 13:05:54		
331	92		2	WhatsApp	Contesto	2	2026-03-03 09:15:14		
332	92		2	Telefono	Contesto	3	2026-03-10 22:51:53	159	
333	92		2	WhatsApp	Contesto	4	2026-03-04 13:25:44		Respondió bien, buen perfil
334	92		2	WhatsApp	Contesto	5	2026-03-02 16:03:18		
335	92		2	WhatsApp	No Contesto	6	2026-03-10 13:31:18		
336	93		1	WhatsApp	Contesto	1	2026-02-22 19:29:11		Respondió bien, buen perfil
337	93		1	WhatsApp	No Contesto	2	2026-02-17 13:44:45		
338	93		1	WhatsApp	No Contesto	3	2026-02-19 11:57:09		
339	94		2	Correo	No Contesto	1	2026-02-25 02:48:28		
340	94		2	Telefono	No Contesto	2	2026-02-24 11:58:51		
341	94		2	WhatsApp	Contesto	3	2026-02-24 12:25:51		
342	94		2	WhatsApp	No Contesto	4	2026-03-04 15:28:56		
343	94		2	WhatsApp	No Contesto	5	2026-03-06 11:11:09		
344	96		3	WhatsApp	Contesto	1	2026-03-23 21:18:09		
345	96		3	Telefono	No Contesto	2	2026-03-25 23:01:14		
346	96		3	Telefono	No Contesto	3	2026-03-13 01:05:47		
347	96		3	Telefono	Contesto	4	2026-03-22 04:54:36	328	
348	96		3	Telefono	No Contesto	5	2026-03-08 18:46:45		
349	96		3	Telefono	No Contesto	6	2026-03-04 17:36:09		
350	96		3	Correo	No Contesto	7	2026-03-21 00:26:42		
351	96		3	Telefono	Contesto	8	2026-03-18 01:06:35	515	Buena conversación, agenda demo
352	97		1	Correo	No Contesto	1	2026-03-03 02:13:41		
353	97		1	Telefono	No Contesto	2	2026-02-23 03:16:31		No disponible
354	98		4	WhatsApp	No Contesto	1	2026-02-24 21:24:04		
355	98		4	WhatsApp	No Contesto	2	2026-03-09 11:39:08		
356	98		4	WhatsApp	No Contesto	3	2026-03-09 11:45:13		
357	98		4	WhatsApp	No Contesto	4	2026-02-22 11:40:45		Buzón de voz
358	98		4	Telefono	No Contesto	5	2026-03-07 01:52:13		
359	98		4	WhatsApp	No Contesto	6	2026-03-06 20:14:53		
360	98		4	WhatsApp	No Contesto	7	2026-02-28 02:25:00		
361	99		4	Telefono	Contesto	1	2026-02-27 20:14:17	95	
362	99		4	Correo	No Contesto	2	2026-03-01 07:34:09		
363	99		4	Telefono	No Contesto	3	2026-03-03 09:45:03		
364	99		4	WhatsApp	Contesto	4	2026-03-04 11:49:14		
365	99		4	Correo	No Contesto	5	2026-02-28 09:56:11		
366	99		4	Correo	No Contesto	6	2026-03-05 16:00:34		
367	99		4	Telefono	No Contesto	7	2026-03-02 17:03:13		No disponible
368	100		5	Telefono	Contesto	1	2026-03-10 06:27:21	65	Buena conversación, agenda demo
369	100		5	WhatsApp	Contesto	2	2026-03-06 15:14:25		
370	100		5	Correo	Contesto	3	2026-03-13 09:31:57		Disponible siguiente semana
371	100		5	Correo	Contesto	4	2026-03-12 06:26:43		
372	101		5	WhatsApp	Contesto	1	2026-02-15 13:49:45		
373	101		5	WhatsApp	No Contesto	2	2026-02-19 20:16:08		
374	102		2	Telefono	Contesto	1	2026-03-19 03:19:56	250	
375	102		2	WhatsApp	Contesto	2	2026-03-08 03:27:43		Positivo, agenda follow-up
376	102		2	WhatsApp	Contesto	3	2026-03-06 02:49:14		Positivo, agenda follow-up
377	102		2	Correo	Contesto	4	2026-03-02 10:47:25		
378	102		2	WhatsApp	No Contesto	5	2026-03-04 09:44:13		
379	102		2	Telefono	No Contesto	6	2026-03-16 19:06:37		
380	102		2	Telefono	No Contesto	7	2026-03-17 21:12:24		
381	103		5	WhatsApp	No Contesto	1	2026-02-10 15:34:28		
382	103		5	WhatsApp	No Contesto	2	2026-02-15 03:15:43		
383	103		5	Telefono	Contesto	3	2026-02-10 10:53:07	591	
384	104		3	WhatsApp	Contesto	1	2026-02-11 20:28:55		
385	104		3	Telefono	No Contesto	2	2026-02-12 06:18:08		Llamada breve, pide callback
386	104		3	Correo	Contesto	3	2026-02-12 10:15:02		
387	104		3	Telefono	No Contesto	4	2026-02-12 20:20:22		
388	105		4	Telefono	No Contesto	1	2026-03-10 11:33:02		
389	105		4	WhatsApp	No Contesto	2	2026-02-26 06:11:06		
390	105		4	Correo	No Contesto	3	2026-03-05 23:19:20		
391	105		4	WhatsApp	No Contesto	4	2026-03-11 11:36:59		
392	105		4	Correo	No Contesto	5	2026-03-01 16:33:38		
393	106		5	WhatsApp	No Contesto	1	2026-03-02 07:08:48		
394	107		3	Telefono	No Contesto	1	2026-02-17 02:39:46		
395	107		3	Telefono	No Contesto	2	2026-02-17 21:02:40		
396	108		3	WhatsApp	Contesto	1	2026-03-14 16:06:52		
397	108		3	WhatsApp	No Contesto	2	2026-03-24 04:55:01		
398	108		3	Telefono	No Contesto	3	2026-03-25 06:41:23		
399	108		3	WhatsApp	No Contesto	4	2026-03-18 04:29:00		No disponible
400	108		3	Correo	Contesto	5	2026-03-04 16:12:07		Confirmó interés
401	108		3	WhatsApp	No Contesto	6	2026-03-25 00:06:18		Llamada breve, pide callback
402	109		5	Correo	Contesto	1	2026-02-10 19:50:00		
403	109		5	Correo	No Contesto	2	2026-02-13 18:06:36		Buzón de voz
404	110		5	Telefono	No Contesto	1	2026-02-11 19:48:31		
405	110		5	WhatsApp	No Contesto	2	2026-02-18 01:50:02		
406	111		5	WhatsApp	Contesto	1	2026-03-05 02:54:43		
407	111		5	WhatsApp	No Contesto	2	2026-03-07 10:31:25		
408	112		2	Telefono	No Contesto	1	2026-03-22 14:23:45		
409	112		2	Telefono	Contesto	2	2026-03-06 10:32:18	412	
410	112		2	Telefono	No Contesto	3	2026-03-24 20:01:48		
411	112		2	Correo	Contesto	4	2026-03-22 14:47:28		Interesado, pide más info
412	113		1	WhatsApp	No Contesto	1	2026-02-12 12:04:29		
413	113		1	Correo	No Contesto	2	2026-02-20 05:42:38		
414	115		1	Correo	No Contesto	1	2026-03-13 09:10:26		Buzón de voz
415	115		1	WhatsApp	No Contesto	2	2026-02-26 18:27:35		Línea ocupada
416	115		1	Correo	Contesto	3	2026-02-27 06:49:57		Quiere cotización
417	115		1	WhatsApp	Contesto	4	2026-03-03 15:54:53		
418	115		1	WhatsApp	No Contesto	5	2026-02-19 20:19:41		
419	115		1	WhatsApp	No Contesto	6	2026-03-01 18:36:56		
420	116		3	WhatsApp	Contesto	1	2026-03-16 10:57:35		Quiere cotización
421	116		3	WhatsApp	No Contesto	2	2026-02-28 15:41:02		
422	117		4	Telefono	No Contesto	1	2026-03-05 14:02:40		Línea ocupada
423	118		1	Telefono	No Contesto	1	2026-02-19 14:43:02		
424	118		1	Telefono	Contesto	2	2026-02-21 00:16:59	302	Quiere cotización
425	118		1	WhatsApp	No Contesto	3	2026-02-22 22:30:40		Llamada breve, pide callback
426	119		5	WhatsApp	No Contesto	1	2026-03-02 15:16:55		
427	119		5	Telefono	Contesto	2	2026-02-11 14:38:03	159	Disponible siguiente semana
428	119		5	Telefono	No Contesto	3	2026-02-12 20:37:39		
429	119		5	Telefono	No Contesto	4	2026-03-01 23:53:50		Llamada breve, pide callback
430	119		5	Telefono	No Contesto	5	2026-03-03 01:34:06		
431	120		5	Telefono	No Contesto	1	2026-02-19 05:15:00		
432	120		5	Telefono	No Contesto	2	2026-02-20 22:40:18		
433	120		5	Correo	Contesto	3	2026-02-21 11:28:24		
434	120		5	Telefono	No Contesto	4	2026-02-21 09:35:08		
435	120		5	Correo	No Contesto	5	2026-02-22 00:59:24		Buzón de voz
436	121		2	WhatsApp	Contesto	1	2026-02-27 06:19:08		
437	121		2	WhatsApp	No Contesto	2	2026-02-26 12:49:48		
438	121		2	WhatsApp	No Contesto	3	2026-02-28 17:45:05		
439	122		4	WhatsApp	No Contesto	1	2026-03-01 01:32:13		
440	122		4	Telefono	Contesto	2	2026-03-07 13:50:26	458	Buena conversación, agenda demo
441	122		4	Telefono	Contesto	3	2026-03-15 14:04:58	359	Quiere cotización
442	123		3	Correo	Contesto	1	2026-02-14 16:48:17		Quiere cotización
443	123		3	WhatsApp	Contesto	2	2026-02-10 22:19:56		
444	125		5	WhatsApp	Contesto	1	2026-02-11 14:05:46		
445	125		5	WhatsApp	No Contesto	2	2026-02-10 22:05:39		
446	125		5	Telefono	Contesto	3	2026-02-11 18:10:18	423	Buena conversación, agenda demo
447	126		2	WhatsApp	No Contesto	1	2026-02-28 10:02:02		
448	126		2	Correo	No Contesto	2	2026-03-01 19:47:28		
449	126		2	WhatsApp	Contesto	3	2026-03-04 11:39:30		
450	126		2	Telefono	No Contesto	4	2026-03-02 21:28:31		
451	126		2	Telefono	Contesto	5	2026-03-04 16:57:49	593	
452	127		5	Correo	No Contesto	1	2026-02-23 17:12:56		
453	127		5	Telefono	No Contesto	2	2026-02-24 06:27:57		
454	127		5	Correo	No Contesto	3	2026-02-24 01:17:06		
455	128		3	WhatsApp	Contesto	1	2026-02-23 16:40:24		
456	128		3	Telefono	No Contesto	2	2026-02-25 22:50:01		
457	129		4	WhatsApp	No Contesto	1	2026-03-02 11:08:41		
458	129		4	Telefono	No Contesto	2	2026-03-01 09:28:21		
459	129		4	WhatsApp	No Contesto	3	2026-02-27 17:51:07		
460	129		4	Telefono	No Contesto	4	2026-03-06 04:30:56		Sin respuesta
461	129		4	WhatsApp	No Contesto	5	2026-03-04 14:31:10		
462	129		4	Correo	No Contesto	6	2026-03-01 23:47:29		
463	130		2	Telefono	No Contesto	1	2026-03-06 16:49:28		No disponible
464	130		2	Correo	No Contesto	2	2026-02-27 11:43:31		
465	130		2	WhatsApp	No Contesto	3	2026-03-05 14:55:04		
466	130		2	Telefono	Contesto	4	2026-03-10 21:37:29	407	
467	130		2	Correo	No Contesto	5	2026-03-07 08:25:45		
468	130		2	WhatsApp	No Contesto	6	2026-03-02 21:54:58		
469	131		1	Correo	Contesto	1	2026-02-16 13:55:45		Buena conversación, agenda demo
470	131		1	WhatsApp	No Contesto	2	2026-03-01 04:19:27		
471	131		1	WhatsApp	No Contesto	3	2026-02-27 11:51:15		
472	131		1	WhatsApp	No Contesto	4	2026-02-26 16:30:28		
473	131		1	Telefono	No Contesto	5	2026-02-19 15:53:41		
474	132		5	WhatsApp	No Contesto	1	2026-03-10 02:20:07		
475	132		5	Telefono	No Contesto	2	2026-03-09 22:42:35		Llamada breve, pide callback
476	132		5	Telefono	Contesto	3	2026-03-05 23:44:52	210	Quiere cotización
477	132		5	Correo	No Contesto	4	2026-03-08 20:15:50		No disponible
478	132		5	Correo	No Contesto	5	2026-03-17 06:02:36		
479	133		2	Telefono	Contesto	1	2026-02-25 00:24:58	132	
480	133		2	Telefono	No Contesto	2	2026-02-20 18:36:43		
481	133		2	WhatsApp	Contesto	3	2026-02-21 07:07:32		
482	133		2	WhatsApp	Contesto	4	2026-02-23 03:20:45		
483	133		2	Telefono	No Contesto	5	2026-02-25 18:30:24		Buzón de voz
484	134		1	WhatsApp	No Contesto	1	2026-02-22 10:52:34		No disponible
485	134		1	WhatsApp	No Contesto	2	2026-02-16 13:35:31		
486	134		1	Telefono	No Contesto	3	2026-02-12 04:46:56		Línea ocupada
487	135		5	Telefono	No Contesto	1	2026-02-06 03:02:44		
488	135		5	Telefono	No Contesto	2	2026-02-10 10:03:32		No disponible
489	135		5	Telefono	No Contesto	3	2026-02-07 16:01:30		
490	135		5	Telefono	No Contesto	4	2026-02-14 16:26:58		
491	135		5	Correo	No Contesto	5	2026-02-08 05:50:24		
492	135		5	Correo	No Contesto	6	2026-02-10 19:10:58		
493	135		5	WhatsApp	No Contesto	7	2026-02-08 21:47:58		
494	136		5	Telefono	No Contesto	1	2026-02-09 15:16:31		
495	136		5	WhatsApp	Contesto	2	2026-02-09 07:53:18		
496	136		5	Telefono	No Contesto	3	2026-02-09 02:08:16		
497	137		3	Correo	No Contesto	1	2026-03-05 07:34:59		
498	137		3	WhatsApp	No Contesto	2	2026-02-20 03:48:27		
499	137		3	Telefono	Contesto	3	2026-02-27 21:26:09	519	
500	137		3	Telefono	Contesto	4	2026-03-07 04:33:17	315	Confirmó interés
501	137		3	Correo	Contesto	5	2026-02-27 09:30:21		
502	137		3	WhatsApp	No Contesto	6	2026-02-28 14:21:25		
503	138		3	Telefono	No Contesto	1	2026-02-27 17:15:12		
504	138		3	WhatsApp	No Contesto	2	2026-03-12 04:40:19		
505	139		2	WhatsApp	No Contesto	1	2026-02-25 10:32:15		
506	139		2	WhatsApp	No Contesto	2	2026-02-21 00:34:07		
507	139		2	Telefono	Contesto	3	2026-02-16 14:47:26	401	
508	139		2	Correo	No Contesto	4	2026-02-18 03:30:13		
509	140		3	Correo	No Contesto	1	2026-02-11 14:37:32		
510	140		3	Telefono	No Contesto	2	2026-02-15 12:41:05		
511	140		3	Correo	Contesto	3	2026-02-12 14:10:29		Positivo, agenda follow-up
512	140		3	WhatsApp	Contesto	4	2026-02-11 13:52:27		
513	141		4	WhatsApp	No Contesto	1	2026-02-08 01:01:07		
514	141		4	WhatsApp	Contesto	2	2026-02-08 12:58:16		
515	142		1	Telefono	Contesto	1	2026-03-13 20:38:19	456	Interesado, pide más info
516	142		1	WhatsApp	Contesto	2	2026-03-06 23:46:06		
517	143		3	WhatsApp	No Contesto	1	2026-02-21 07:05:44		
518	144		1	Telefono	Contesto	1	2026-02-07 05:40:48	62	
519	144		1	Telefono	Contesto	2	2026-02-06 05:50:39	463	
520	144		1	Correo	No Contesto	3	2026-02-05 21:41:51		
521	144		1	WhatsApp	No Contesto	4	2026-02-06 02:57:59		
522	144		1	Telefono	Contesto	5	2026-02-06 11:36:32	158	
523	144		1	WhatsApp	Contesto	6	2026-02-07 00:40:53		Positivo, agenda follow-up
524	145		5	WhatsApp	Contesto	1	2026-03-03 20:54:56		
525	146		3	WhatsApp	Contesto	1	2026-02-25 21:43:41		Respondió bien, buen perfil
526	146		3	WhatsApp	Contesto	2	2026-02-23 17:19:40		Buena conversación, agenda demo
527	146		3	WhatsApp	No Contesto	3	2026-02-25 19:30:53		Línea ocupada
528	146		3	Telefono	Contesto	4	2026-02-23 07:32:05	41	
529	146		3	Telefono	No Contesto	5	2026-03-06 03:58:36		
530	147		2	Telefono	No Contesto	1	2026-02-17 12:22:55		Llamada breve, pide callback
531	147		2	Telefono	No Contesto	2	2026-02-17 05:43:35		Línea ocupada
532	147		2	WhatsApp	No Contesto	3	2026-02-17 13:28:01		
533	148		4	WhatsApp	No Contesto	1	2026-02-05 01:43:27		
534	148		4	Telefono	No Contesto	2	2026-02-05 06:28:34		No disponible
535	148		4	Telefono	No Contesto	3	2026-02-05 08:49:26		
536	148		4	Correo	Contesto	4	2026-02-05 12:08:29		
537	148		4	Telefono	No Contesto	5	2026-02-06 00:08:29		
538	148		4	Correo	No Contesto	6	2026-02-06 12:08:29		
539	148		4	WhatsApp	No Contesto	7	2026-02-07 00:08:30		
540	149		2	Telefono	Contesto	1	2026-02-28 20:27:18	70	
541	149		2	WhatsApp	No Contesto	2	2026-02-18 13:42:44		
542	150		5	Telefono	Contesto	1	2026-03-02 19:14:44	539	Buena conversación, agenda demo
543	150		5	Telefono	No Contesto	2	2026-03-02 07:45:12		
544	150		5	WhatsApp	No Contesto	3	2026-03-02 05:42:26		Línea ocupada
545	151		2	Correo	Contesto	1	2026-02-22 03:22:45		
546	151		2	WhatsApp	Contesto	2	2026-03-03 09:49:16		Quiere cotización
547	151		2	Correo	No Contesto	3	2026-03-03 00:02:20		
548	151		2	Telefono	Contesto	4	2026-02-23 20:19:48	529	Respondió bien, buen perfil
549	151		2	Telefono	No Contesto	5	2026-02-25 14:00:38		
550	151		2	Telefono	No Contesto	6	2026-03-03 13:10:16		
551	151		2	Telefono	No Contesto	7	2026-02-21 13:43:19		
552	151		2	Telefono	No Contesto	8	2026-02-28 14:38:10		Buzón de voz
553	152		2	WhatsApp	No Contesto	1	2026-02-25 18:07:12		
554	152		2	Telefono	Contesto	2	2026-03-10 03:14:15	104	Respondió bien, buen perfil
555	152		2	WhatsApp	Contesto	3	2026-03-13 20:49:44		
556	152		2	WhatsApp	No Contesto	4	2026-02-22 09:36:31		Buzón de voz
557	152		2	Correo	No Contesto	5	2026-03-10 21:33:39		
558	153		4	Telefono	Contesto	1	2026-03-14 00:30:08	527	Positivo, agenda follow-up
559	153		4	WhatsApp	Contesto	2	2026-02-28 18:43:57		
560	153		4	Correo	Contesto	3	2026-03-05 12:47:13		
561	153		4	Telefono	No Contesto	4	2026-03-10 01:57:49		Línea ocupada
562	153		4	WhatsApp	No Contesto	5	2026-03-06 12:45:29		Buzón de voz
563	153		4	Correo	No Contesto	6	2026-03-08 09:37:46		
564	154		2	Telefono	Contesto	1	2026-03-05 02:53:00	113	Positivo, agenda follow-up
565	154		2	WhatsApp	No Contesto	2	2026-02-28 23:38:20		
566	154		2	Telefono	No Contesto	3	2026-02-26 12:45:53		
567	154		2	WhatsApp	No Contesto	4	2026-03-03 23:52:24		
568	154		2	Telefono	No Contesto	5	2026-03-08 19:54:44		
569	154		2	WhatsApp	No Contesto	6	2026-03-08 09:21:32		
570	155		5	WhatsApp	Contesto	1	2026-02-21 23:31:01		Positivo, agenda follow-up
571	155		5	WhatsApp	No Contesto	2	2026-02-19 03:53:05		
572	156		3	Telefono	No Contesto	1	2026-02-14 13:01:18		
573	156		3	Telefono	No Contesto	2	2026-02-27 19:42:22		
574	156		3	WhatsApp	Contesto	3	2026-02-22 21:34:27		
575	156		3	Correo	No Contesto	4	2026-02-27 23:18:01		
576	156		3	Telefono	Contesto	5	2026-02-17 12:25:22	460	
577	157		2	WhatsApp	Contesto	1	2026-03-04 02:10:23		
578	157		2	Correo	No Contesto	2	2026-02-27 16:09:47		
579	157		2	WhatsApp	No Contesto	3	2026-03-03 17:23:14		
580	157		2	Correo	No Contesto	4	2026-03-08 08:59:11		
581	157		2	WhatsApp	No Contesto	5	2026-03-11 01:12:13		
582	157		2	WhatsApp	No Contesto	6	2026-03-02 21:00:05		
583	157		2	WhatsApp	No Contesto	7	2026-03-08 16:58:42		
584	157		2	WhatsApp	No Contesto	8	2026-03-10 12:06:04		
585	159		4	WhatsApp	No Contesto	1	2026-03-23 17:53:06		
586	160		1	Correo	No Contesto	1	2026-02-23 11:42:32		Buzón de voz
587	160		1	WhatsApp	Contesto	2	2026-02-25 17:45:57		
588	160		1	WhatsApp	No Contesto	3	2026-02-27 01:44:07		
589	160		1	WhatsApp	Contesto	4	2026-02-25 11:41:31		
590	160		1	Telefono	No Contesto	5	2026-02-27 13:48:08		
591	161		2	Correo	No Contesto	1	2026-02-16 11:25:06		
592	161		2	Correo	Contesto	2	2026-02-17 08:05:51		
593	161		2	WhatsApp	Contesto	3	2026-02-16 11:38:14		
594	161		2	WhatsApp	Contesto	4	2026-02-17 20:19:13		Respondió bien, buen perfil
595	161		2	Correo	No Contesto	5	2026-02-17 08:52:14		
596	161		2	Correo	No Contesto	6	2026-02-16 20:55:19		Línea ocupada
597	162		5	Correo	No Contesto	1	2026-03-02 13:39:02		
598	162		5	WhatsApp	Contesto	2	2026-03-08 10:11:18		
599	162		5	Telefono	No Contesto	3	2026-03-15 13:06:43		Sin respuesta
600	162		5	WhatsApp	No Contesto	4	2026-03-05 09:52:40		
601	162		5	Telefono	No Contesto	5	2026-03-08 23:46:56		
602	162		5	Telefono	No Contesto	6	2026-02-28 00:02:21		
603	162		5	WhatsApp	No Contesto	7	2026-03-15 22:26:38		
604	163		3	Correo	Contesto	1	2026-02-25 02:26:36		Buena conversación, agenda demo
605	163		3	Telefono	Contesto	2	2026-02-28 07:38:02	186	Positivo, agenda follow-up
606	164		5	Correo	Contesto	1	2026-03-10 16:16:16		Positivo, agenda follow-up
607	164		5	Telefono	No Contesto	2	2026-03-17 05:22:50		
608	164		5	Telefono	No Contesto	3	2026-03-07 18:41:09		
609	164		5	WhatsApp	Contesto	4	2026-03-12 01:46:02		
610	164		5	WhatsApp	No Contesto	5	2026-03-06 21:15:21		
611	166		5	Correo	Contesto	1	2026-02-06 15:30:05		Confirmó interés
612	166		5	Telefono	Contesto	2	2026-02-06 15:16:09	536	
613	166		5	Correo	Contesto	3	2026-02-07 04:57:54		
614	166		5	Telefono	Contesto	4	2026-02-09 07:11:42	108	Quiere cotización
615	166		5	WhatsApp	Contesto	5	2026-02-09 06:42:17		
616	167		2	Telefono	Contesto	1	2026-02-19 10:42:30	62	Confirmó interés
617	167		2	Correo	No Contesto	2	2026-03-09 19:13:59		Sin respuesta
618	167		2	WhatsApp	No Contesto	3	2026-02-21 03:12:56		
619	167		2	WhatsApp	No Contesto	4	2026-02-19 16:01:50		
620	167		2	WhatsApp	No Contesto	5	2026-02-14 04:54:06		
621	167		2	Telefono	No Contesto	6	2026-02-19 10:00:41		
622	168		4	Telefono	Contesto	1	2026-02-16 02:49:19	331	
623	168		4	Correo	No Contesto	2	2026-02-12 22:32:05		
624	168		4	Telefono	Contesto	3	2026-02-10 13:17:39	432	Respondió bien, buen perfil
625	168		4	WhatsApp	No Contesto	4	2026-02-13 20:50:59		
626	168		4	WhatsApp	No Contesto	5	2026-02-10 03:30:16		
627	168		4	WhatsApp	No Contesto	6	2026-02-12 18:59:15		Llamada breve, pide callback
628	168		4	WhatsApp	No Contesto	7	2026-02-10 06:28:31		
629	168		4	Correo	No Contesto	8	2026-02-06 15:23:05		
630	169		3	WhatsApp	Contesto	1	2026-02-04 06:06:11		
631	169		3	WhatsApp	No Contesto	2	2026-02-03 03:28:37		
632	169		3	Telefono	No Contesto	3	2026-02-03 20:09:13		
633	169		3	Telefono	No Contesto	4	2026-02-04 00:24:33		
634	169		3	Telefono	No Contesto	5	2026-02-04 07:19:37		
635	170		2	WhatsApp	No Contesto	1	2026-03-10 20:11:40		
636	170		2	WhatsApp	No Contesto	2	2026-03-25 15:26:39		
637	170		2	WhatsApp	No Contesto	3	2026-03-04 04:18:56		
638	170		2	WhatsApp	No Contesto	4	2026-03-22 04:11:25		
639	171		3	Telefono	Contesto	1	2026-02-19 06:36:51	540	Confirmó interés
640	171		3	WhatsApp	Contesto	2	2026-02-14 19:40:10		
641	171		3	WhatsApp	Contesto	3	2026-02-14 09:50:34		Positivo, agenda follow-up
642	172		5	Correo	No Contesto	1	2026-02-13 13:32:23		Llamada breve, pide callback
643	172		5	Telefono	No Contesto	2	2026-02-19 23:11:01		Buzón de voz
644	172		5	Telefono	Contesto	3	2026-02-27 03:22:57	455	
645	172		5	Telefono	No Contesto	4	2026-02-17 21:06:07		Línea ocupada
646	172		5	WhatsApp	Contesto	5	2026-02-15 21:44:27		
647	173		4	WhatsApp	No Contesto	1	2026-03-15 02:45:43		Línea ocupada
648	173		4	Correo	Contesto	2	2026-02-26 22:52:18		Buena conversación, agenda demo
649	173		4	Telefono	No Contesto	3	2026-03-14 22:10:09		
650	174		4	Telefono	Contesto	1	2026-02-08 23:06:52	407	
651	174		4	WhatsApp	Contesto	2	2026-02-09 05:53:27		
652	174		4	Telefono	No Contesto	3	2026-02-06 05:47:43		Línea ocupada
653	174		4	Telefono	No Contesto	4	2026-02-09 18:53:48		
654	174		4	WhatsApp	No Contesto	5	2026-02-07 09:43:18		
655	175		1	Telefono	No Contesto	1	2026-02-28 00:54:38		
656	175		1	WhatsApp	No Contesto	2	2026-02-20 03:37:06		
657	175		1	WhatsApp	No Contesto	3	2026-02-24 14:26:32		
658	175		1	WhatsApp	Contesto	4	2026-02-28 01:44:00		Buena conversación, agenda demo
659	175		1	WhatsApp	No Contesto	5	2026-02-15 20:34:57		
660	175		1	WhatsApp	Contesto	6	2026-02-12 08:50:10		Quiere cotización
661	177		1	Telefono	No Contesto	1	2026-03-01 01:08:05		
662	177		1	Telefono	Contesto	2	2026-02-25 03:09:52	570	
663	177		1	Telefono	No Contesto	3	2026-02-28 15:57:38		
664	178		2	Correo	Contesto	1	2026-02-16 07:39:30		Confirmó interés
665	178		2	WhatsApp	Contesto	2	2026-02-17 13:30:50		
666	178		2	WhatsApp	Contesto	3	2026-02-17 07:58:51		
667	178		2	WhatsApp	No Contesto	4	2026-02-17 14:55:23		Buzón de voz
668	178		2	WhatsApp	Contesto	5	2026-02-18 02:55:24		Buena conversación, agenda demo
669	178		2	WhatsApp	No Contesto	6	2026-02-18 14:55:24		
670	179		5	Telefono	No Contesto	1	2026-03-03 08:33:54		
671	180		4	WhatsApp	Contesto	1	2026-03-04 06:26:28		
672	180		4	Telefono	No Contesto	2	2026-03-08 09:49:20		
673	180		4	Telefono	Contesto	3	2026-03-05 08:23:06	572	
674	181		5	WhatsApp	No Contesto	1	2026-03-16 08:02:06		
675	181		5	Telefono	Contesto	2	2026-03-05 14:47:02	302	Disponible siguiente semana
676	182		1	Telefono	No Contesto	1	2026-03-09 02:37:05		
677	182		1	Telefono	No Contesto	2	2026-03-07 22:55:12		
678	182		1	Telefono	Contesto	3	2026-03-08 16:39:56	324	
679	182		1	Telefono	No Contesto	4	2026-03-09 22:47:42		
680	182		1	WhatsApp	No Contesto	5	2026-03-10 08:58:10		
681	182		1	Telefono	Contesto	6	2026-03-07 20:03:56	370	
682	183		2	Correo	No Contesto	1	2026-03-05 07:26:28		
683	184		2	Correo	No Contesto	1	2026-03-03 14:47:44		
684	184		2	Correo	No Contesto	2	2026-03-05 22:56:18		
685	184		2	WhatsApp	Contesto	3	2026-03-04 05:51:44		Buena conversación, agenda demo
686	184		2	WhatsApp	No Contesto	4	2026-03-05 11:10:43		
687	185		2	WhatsApp	No Contesto	1	2026-03-05 13:22:48		
688	185		2	WhatsApp	No Contesto	2	2026-03-09 21:49:58		
689	185		2	WhatsApp	No Contesto	3	2026-03-07 11:44:30		
690	185		2	Telefono	No Contesto	4	2026-03-08 11:25:19		
691	186		5	WhatsApp	Contesto	1	2026-03-30 08:56:58		
692	186		5	Telefono	No Contesto	2	2026-03-16 08:31:37		
693	186		5	Telefono	No Contesto	3	2026-03-18 00:37:11		
694	186		5	WhatsApp	No Contesto	4	2026-03-16 16:16:35		
695	186		5	Telefono	No Contesto	5	2026-03-12 09:39:37		
696	186		5	Correo	No Contesto	6	2026-03-29 11:20:51		
697	186		5	Correo	Contesto	7	2026-03-25 02:20:41		
698	187		4	WhatsApp	No Contesto	1	2026-03-06 03:59:04		
699	187		4	Telefono	No Contesto	2	2026-03-07 11:30:27		
700	188		1	WhatsApp	Contesto	1	2026-03-04 19:24:18		
701	188		1	Telefono	No Contesto	2	2026-03-04 10:01:33		
702	188		1	Telefono	No Contesto	3	2026-03-04 04:44:38		
703	188		1	WhatsApp	No Contesto	4	2026-03-04 08:45:02		
704	188		1	Telefono	Contesto	5	2026-03-04 17:57:27	71	Respondió bien, buen perfil
705	188		1	WhatsApp	Contesto	6	2026-03-04 21:41:44		Confirmó interés
706	189		1	Telefono	Contesto	1	2026-03-05 12:46:44	544	
707	189		1	WhatsApp	Contesto	2	2026-03-03 15:19:20		
708	189		1	Telefono	No Contesto	3	2026-03-08 08:06:57		
709	189		1	Telefono	No Contesto	4	2026-03-09 08:05:41		
710	189		1	Telefono	No Contesto	5	2026-03-08 18:46:21		
711	189		1	Correo	Contesto	6	2026-03-06 04:19:14		
712	190		5	Telefono	No Contesto	1	2026-03-19 10:19:02		
713	191		5	Telefono	No Contesto	1	2026-03-07 08:21:49		Sin respuesta
714	191		5	Telefono	Contesto	2	2026-03-06 14:50:32	502	
715	191		5	WhatsApp	No Contesto	3	2026-03-07 23:10:01		Sin respuesta
716	191		5	WhatsApp	Contesto	4	2026-03-09 23:19:26		
717	191		5	WhatsApp	No Contesto	5	2026-03-08 20:46:50		
718	191		5	WhatsApp	No Contesto	6	2026-03-06 23:23:16		
719	192		4	Telefono	Contesto	1	2026-03-16 09:04:26	278	
720	192		4	WhatsApp	No Contesto	2	2026-03-16 10:32:01		Llamada breve, pide callback
721	192		4	Telefono	No Contesto	3	2026-03-25 03:58:27		
722	192		4	Correo	No Contesto	4	2026-03-04 12:25:23		Línea ocupada
723	192		4	Correo	No Contesto	5	2026-03-11 19:01:56		
724	192		4	Correo	No Contesto	6	2026-03-20 23:03:49		
725	193		1	Telefono	No Contesto	1	2026-03-26 15:07:55		
726	193		1	Telefono	Contesto	2	2026-03-09 07:55:53	537	Positivo, agenda follow-up
727	193		1	WhatsApp	Contesto	3	2026-03-17 22:11:47		
728	193		1	Correo	No Contesto	4	2026-03-13 01:48:53		Buzón de voz
729	193		1	Telefono	No Contesto	5	2026-03-29 01:37:10		No disponible
730	193		1	Telefono	Contesto	6	2026-03-28 21:17:14	484	
731	194		1	Telefono	Contesto	1	2026-03-09 21:36:37	270	
732	194		1	WhatsApp	No Contesto	2	2026-03-22 11:17:41		
733	194		1	WhatsApp	Contesto	3	2026-03-09 23:35:29		
734	194		1	Telefono	No Contesto	4	2026-03-22 21:23:53		
735	194		1	WhatsApp	No Contesto	5	2026-03-12 07:06:35		
736	194		1	Telefono	No Contesto	6	2026-03-22 05:22:36		
737	194		1	WhatsApp	No Contesto	7	2026-03-25 08:48:32		
738	195		4	WhatsApp	No Contesto	1	2026-03-05 08:37:58		
739	196		1	WhatsApp	Contesto	1	2026-03-11 14:15:30		Positivo, agenda follow-up
740	196		1	Correo	No Contesto	2	2026-03-05 18:43:18		
741	197		3	Correo	Contesto	1	2026-03-04 16:18:34		Interesado, pide más info
742	197		3	WhatsApp	No Contesto	2	2026-03-03 22:11:59		
743	197		3	Correo	No Contesto	3	2026-03-04 10:54:58		No disponible
744	197		3	WhatsApp	No Contesto	4	2026-03-04 10:15:50		
745	197		3	Correo	Contesto	5	2026-03-05 02:08:13		
746	197		3	Telefono	No Contesto	6	2026-03-05 09:02:46		
747	198		4	WhatsApp	Contesto	1	2026-03-27 00:13:19		
748	199		5	Telefono	No Contesto	1	2026-03-18 16:02:54		
749	199		5	Telefono	No Contesto	2	2026-03-14 16:13:57		Buzón de voz
750	199		5	Correo	Contesto	3	2026-03-07 17:15:21		
751	199		5	WhatsApp	No Contesto	4	2026-03-13 17:33:44		
752	199		5	Correo	No Contesto	5	2026-03-12 02:51:24		No disponible
753	199		5	WhatsApp	No Contesto	6	2026-03-17 01:43:03		
754	200		1	WhatsApp	Contesto	1	2026-03-23 14:45:20		Respondió bien, buen perfil
755	200		1	WhatsApp	No Contesto	2	2026-03-06 15:02:53		
756	200		1	Telefono	No Contesto	3	2026-03-15 13:52:18		Sin respuesta
757	200		1	WhatsApp	No Contesto	4	2026-03-18 19:58:30		
758	200		1	Telefono	No Contesto	5	2026-03-11 08:18:39		
759	200		1	WhatsApp	No Contesto	6	2026-03-09 23:59:46		
760	200		1	WhatsApp	No Contesto	7	2026-03-13 08:27:26		No disponible
761	201		1	WhatsApp	No Contesto	1	2026-03-05 19:34:23		
762	201		1	WhatsApp	No Contesto	2	2026-03-09 20:40:33		
763	201		1	WhatsApp	No Contesto	3	2026-03-09 09:40:41		
764	201		1	WhatsApp	No Contesto	4	2026-03-09 19:58:41		
765	201		1	Correo	No Contesto	5	2026-03-10 17:42:09		
766	202		1	WhatsApp	Contesto	1	2026-03-15 18:44:03		Buena conversación, agenda demo
767	202		1	WhatsApp	Contesto	2	2026-03-16 20:18:08		
768	202		1	Telefono	No Contesto	3	2026-03-10 07:51:23		
769	202		1	WhatsApp	No Contesto	4	2026-03-08 13:22:40		
770	203		1	WhatsApp	Contesto	1	2026-03-05 13:45:25		
771	203		1	WhatsApp	No Contesto	2	2026-03-03 06:36:09		
772	203		1	Correo	No Contesto	3	2026-03-05 00:39:45		
773	203		1	Telefono	No Contesto	4	2026-03-04 12:57:12		
774	204		1	Telefono	No Contesto	1	2026-03-06 03:55:47		
775	204		1	WhatsApp	No Contesto	2	2026-03-02 14:07:45		
776	204		1	Telefono	No Contesto	3	2026-03-06 09:53:23		
777	204		1	WhatsApp	Contesto	4	2026-03-03 15:21:27		
778	205		5	WhatsApp	No Contesto	1	2026-03-31 07:11:23		
779	205		5	Telefono	No Contesto	2	2026-03-10 01:58:22		Sin respuesta
780	205		5	Telefono	No Contesto	3	2026-03-28 17:10:06		
781	205		5	Correo	No Contesto	4	2026-03-07 01:42:57		
782	205		5	Telefono	No Contesto	5	2026-03-16 01:17:32		
783	206		4	WhatsApp	No Contesto	1	2026-03-26 16:48:57		Llamada breve, pide callback
784	206		4	WhatsApp	No Contesto	2	2026-03-24 12:20:25		
785	207		1	WhatsApp	No Contesto	1	2026-03-06 04:56:23		
786	207		1	Telefono	No Contesto	2	2026-03-05 03:12:32		
787	207		1	WhatsApp	Contesto	3	2026-03-11 19:33:18		
788	208		5	WhatsApp	No Contesto	1	2026-03-05 21:55:35		
789	208		5	Telefono	Contesto	2	2026-03-08 10:34:32	159	
790	208		5	Telefono	Contesto	3	2026-03-18 01:08:01	329	Quiere cotización
791	208		5	WhatsApp	Contesto	4	2026-03-10 10:03:04		Disponible siguiente semana
792	209		2	WhatsApp	No Contesto	1	2026-03-13 06:28:39		
793	209		2	Correo	No Contesto	2	2026-03-12 10:52:51		
794	209		2	WhatsApp	No Contesto	3	2026-03-11 12:47:40		
795	209		2	Telefono	No Contesto	4	2026-03-18 07:48:45		Línea ocupada
796	210		4	WhatsApp	No Contesto	1	2026-03-10 21:15:55		No disponible
797	210		4	Correo	No Contesto	2	2026-03-08 07:05:57		
798	210		4	Telefono	No Contesto	3	2026-03-15 00:04:02		
799	210		4	Telefono	No Contesto	4	2026-03-10 22:31:10		
800	210		4	WhatsApp	Contesto	5	2026-03-12 03:35:48		
801	210		4	Telefono	No Contesto	6	2026-03-10 05:46:51		
802	210		4	Telefono	No Contesto	7	2026-03-14 11:52:52		
803	211		1	Correo	Contesto	1	2026-03-04 23:09:38		Quiere cotización
804	211		1	Telefono	No Contesto	2	2026-03-05 20:17:58		
805	212		1	WhatsApp	Contesto	1	2026-03-05 09:05:05		
806	212		1	WhatsApp	Contesto	2	2026-03-08 17:58:56		
807	212		1	WhatsApp	No Contesto	3	2026-03-10 04:49:17		
808	212		1	WhatsApp	No Contesto	4	2026-03-11 07:29:25		
809	213		1	Correo	No Contesto	1	2026-03-19 13:04:01		
810	213		1	Telefono	No Contesto	2	2026-03-15 12:24:07		
811	214		5	WhatsApp	No Contesto	1	2026-03-05 20:46:43		
812	214		5	WhatsApp	No Contesto	2	2026-03-06 02:24:27		Buzón de voz
813	214		5	Telefono	No Contesto	3	2026-03-07 00:56:29		No disponible
814	214		5	WhatsApp	Contesto	4	2026-03-11 03:21:31		
815	214		5	WhatsApp	Contesto	5	2026-03-12 17:02:00		Positivo, agenda follow-up
816	214		5	Correo	No Contesto	6	2026-03-06 17:13:32		
817	215		3	Correo	No Contesto	1	2026-03-25 20:34:10		
818	216		4	Telefono	Contesto	1	2026-03-21 10:41:46	521	
819	216		4	WhatsApp	No Contesto	2	2026-04-01 16:00:04		
820	217		3	Correo	No Contesto	1	2026-03-06 19:18:03		
821	217		3	Telefono	No Contesto	2	2026-03-16 19:04:19		
822	217		3	Telefono	No Contesto	3	2026-03-11 19:50:16		
823	217		3	WhatsApp	Contesto	4	2026-03-07 01:32:34		Disponible siguiente semana
824	217		3	Correo	No Contesto	5	2026-03-07 17:34:00		
825	217		3	Telefono	No Contesto	6	2026-03-18 18:30:20		
826	218		1	WhatsApp	No Contesto	1	2026-03-06 18:37:56		
827	218		1	Telefono	Contesto	2	2026-03-04 07:30:44	109	
828	218		1	Telefono	Contesto	3	2026-03-05 23:08:51	363	
829	218		1	Correo	No Contesto	4	2026-03-04 20:30:39		
830	219		3	Telefono	Contesto	1	2026-03-10 12:58:36	373	
831	219		3	Correo	No Contesto	2	2026-03-09 10:23:54		
832	219		3	Telefono	Contesto	3	2026-03-06 10:30:45	56	Interesado, pide más info
833	219		3	Correo	No Contesto	4	2026-03-15 15:07:55		
834	220		3	Correo	Contesto	1	2026-03-06 09:09:53		
835	220		3	Telefono	No Contesto	2	2026-03-09 02:34:43		
836	220		3	Correo	No Contesto	3	2026-03-30 05:47:55		
837	220		3	WhatsApp	No Contesto	4	2026-03-12 04:26:28		
838	220		3	WhatsApp	Contesto	5	2026-03-29 17:29:13		
839	221		5	WhatsApp	Contesto	1	2026-03-16 08:02:02		Interesado, pide más info
840	222		3	Telefono	No Contesto	1	2026-03-20 00:13:42		
841	222		3	Telefono	No Contesto	2	2026-03-14 15:20:53		
842	222		3	Correo	No Contesto	3	2026-03-07 07:21:15		
843	222		3	WhatsApp	No Contesto	4	2026-03-27 10:35:22		
844	223		4	WhatsApp	Contesto	1	2026-03-08 06:33:38		
845	223		4	Telefono	No Contesto	2	2026-03-31 01:53:12		
846	223		4	WhatsApp	No Contesto	3	2026-03-19 18:33:26		
847	223		4	Telefono	No Contesto	4	2026-03-10 21:29:39		
848	223		4	WhatsApp	No Contesto	5	2026-03-12 22:12:52		
849	223		4	Telefono	No Contesto	6	2026-03-17 11:27:10		
850	223		4	WhatsApp	No Contesto	7	2026-03-10 02:15:56		Buzón de voz
851	223		4	Correo	Contesto	8	2026-03-13 19:05:29		
852	224		2	WhatsApp	Contesto	1	2026-03-07 01:17:30		
853	224		2	WhatsApp	Contesto	2	2026-03-06 05:21:20		Confirmó interés
854	224		2	Telefono	No Contesto	3	2026-03-08 19:04:39		
855	224		2	WhatsApp	Contesto	4	2026-03-08 05:25:13		Positivo, agenda follow-up
856	224		2	Correo	No Contesto	5	2026-03-06 19:47:31		
857	225		4	Telefono	No Contesto	1	2026-03-04 04:22:32		
858	225		4	WhatsApp	No Contesto	2	2026-03-08 20:12:31		
859	225		4	Telefono	No Contesto	3	2026-03-07 23:12:52		
860	225		4	WhatsApp	No Contesto	4	2026-03-06 19:26:21		
861	226		5	WhatsApp	Contesto	1	2026-03-07 09:29:26		Quiere cotización
862	227		3	Telefono	No Contesto	1	2026-03-27 01:23:26		
863	227		3	Correo	No Contesto	2	2026-03-17 17:35:06		
864	228		2	Correo	Contesto	1	2026-03-07 11:55:42		
865	228		2	Telefono	No Contesto	2	2026-03-06 16:45:51		Línea ocupada
866	228		2	Telefono	Contesto	3	2026-03-09 06:56:27	479	Interesado, pide más info
867	228		2	Telefono	No Contesto	4	2026-03-11 05:45:28		
868	229		2	WhatsApp	Contesto	1	2026-03-04 02:17:01		
869	229		2	WhatsApp	Contesto	2	2026-03-09 08:19:50		
870	229		2	Correo	No Contesto	3	2026-03-04 22:52:22		Buzón de voz
871	229		2	WhatsApp	No Contesto	4	2026-03-10 00:24:01		
872	230		4	WhatsApp	No Contesto	1	2026-03-11 12:57:04		
873	230		4	WhatsApp	No Contesto	2	2026-03-07 19:00:20		
874	230		4	WhatsApp	No Contesto	3	2026-03-08 16:50:15		
875	231		1	Correo	No Contesto	1	2026-03-04 18:09:56		
876	231		1	Telefono	No Contesto	2	2026-03-05 13:58:53		
877	231		1	WhatsApp	No Contesto	3	2026-03-04 20:33:36		
878	231		1	Telefono	No Contesto	4	2026-03-06 05:19:40		Sin respuesta
879	231		1	Telefono	No Contesto	5	2026-03-07 09:54:44		
880	232		1	Correo	No Contesto	1	2026-03-03 11:47:30		Llamada breve, pide callback
881	232		1	Correo	Contesto	2	2026-03-03 16:28:32		Interesado, pide más info
882	232		1	WhatsApp	Contesto	3	2026-03-06 00:19:08		Interesado, pide más info
883	232		1	WhatsApp	Contesto	4	2026-03-05 01:34:27		
884	232		1	WhatsApp	Contesto	5	2026-03-04 04:52:33		
885	232		1	WhatsApp	No Contesto	6	2026-03-04 14:48:15		
886	233		3	WhatsApp	No Contesto	1	2026-03-16 06:08:00		
887	233		3	WhatsApp	No Contesto	2	2026-03-14 02:27:35		
888	233		3	Correo	No Contesto	3	2026-03-29 09:48:19		
889	233		3	WhatsApp	No Contesto	4	2026-04-01 17:47:31		
890	233		3	Telefono	Contesto	5	2026-03-20 19:21:54	459	
891	234		3	Telefono	No Contesto	1	2026-03-08 18:14:31		
892	234		3	Telefono	Contesto	2	2026-03-14 15:30:18	161	
893	235		4	Correo	No Contesto	1	2026-03-09 19:38:34		
894	235		4	Telefono	Contesto	2	2026-03-09 04:23:18	250	
895	235		4	WhatsApp	Contesto	3	2026-03-07 10:42:30		Confirmó interés
896	235		4	WhatsApp	No Contesto	4	2026-03-06 14:29:45		
897	235		4	Correo	Contesto	5	2026-03-08 22:37:18		Positivo, agenda follow-up
898	236		1	Telefono	No Contesto	1	2026-03-12 14:42:56		
899	236		1	WhatsApp	Contesto	2	2026-03-21 00:47:52		Disponible siguiente semana
900	237		1	Correo	Contesto	1	2026-03-05 11:50:22		Positivo, agenda follow-up
901	237		1	Telefono	Contesto	2	2026-03-07 01:08:14	94	
902	238		5	Telefono	Contesto	1	2026-03-05 15:09:06	578	
903	238		5	WhatsApp	Contesto	2	2026-03-06 05:43:18		
904	238		5	Telefono	Contesto	3	2026-03-20 14:53:42	284	
905	238		5	Telefono	Contesto	4	2026-03-16 02:26:15	134	
906	238		5	WhatsApp	Contesto	5	2026-03-10 16:36:31		
907	238		5	Telefono	No Contesto	6	2026-03-10 07:45:53		Buzón de voz
908	239		4	WhatsApp	Contesto	1	2026-03-15 01:42:53		
909	239		4	Telefono	No Contesto	2	2026-03-22 15:05:47		Sin respuesta
910	239		4	WhatsApp	Contesto	3	2026-03-21 22:50:09		Disponible siguiente semana
911	239		4	Correo	No Contesto	4	2026-03-24 02:28:56		
912	239		4	Telefono	No Contesto	5	2026-03-13 19:16:02		Sin respuesta
913	240		4	WhatsApp	Contesto	1	2026-03-10 04:11:30		
914	240		4	WhatsApp	Contesto	2	2026-03-18 05:20:01		
915	240		4	WhatsApp	No Contesto	3	2026-03-15 08:02:05		
916	241		5	WhatsApp	Contesto	1	2026-03-18 21:42:34		
917	241		5	WhatsApp	Contesto	2	2026-03-14 08:30:25		
918	241		5	Telefono	Contesto	3	2026-03-09 08:49:23	115	Interesado, pide más info
919	241		5	Telefono	No Contesto	4	2026-03-20 18:45:22		
920	242		2	WhatsApp	No Contesto	1	2026-03-17 04:20:52		
921	242		2	WhatsApp	Contesto	2	2026-03-16 22:52:43		Confirmó interés
922	242		2	WhatsApp	No Contesto	3	2026-03-06 08:42:37		
923	242		2	WhatsApp	Contesto	4	2026-03-06 02:41:15		Interesado, pide más info
924	242		2	WhatsApp	No Contesto	5	2026-03-19 17:16:13		
925	242		2	Correo	Contesto	6	2026-03-18 04:12:38		
926	243		5	WhatsApp	No Contesto	1	2026-03-05 20:45:18		Buzón de voz
927	243		5	WhatsApp	Contesto	2	2026-03-04 12:38:35		
928	243		5	Telefono	No Contesto	3	2026-03-04 21:25:32		
929	243		5	Correo	Contesto	4	2026-03-05 18:49:07		
930	243		5	WhatsApp	No Contesto	5	2026-03-05 17:55:15		
931	244		5	WhatsApp	Contesto	1	2026-03-06 00:10:07		
932	244		5	Telefono	No Contesto	2	2026-03-07 10:31:38		
933	244		5	WhatsApp	Contesto	3	2026-03-07 07:12:43		Disponible siguiente semana
934	244		5	WhatsApp	No Contesto	4	2026-03-09 16:21:59		
935	244		5	WhatsApp	Contesto	5	2026-03-08 16:45:01		Confirmó interés
936	244		5	Correo	No Contesto	6	2026-03-08 04:53:58		
937	246		4	Telefono	No Contesto	1	2026-03-05 06:27:18		
938	247		1	Telefono	Contesto	1	2026-03-18 11:32:56	126	
939	247		1	Telefono	Contesto	2	2026-03-13 12:16:20	190	Positivo, agenda follow-up
940	247		1	WhatsApp	Contesto	3	2026-03-17 21:33:12		Interesado, pide más info
941	247		1	Telefono	No Contesto	4	2026-03-13 11:29:52		
942	247		1	Telefono	No Contesto	5	2026-03-13 10:09:33		
943	248		5	WhatsApp	No Contesto	1	2026-03-05 10:54:29		
944	248		5	Telefono	Contesto	2	2026-03-06 02:18:43	299	
945	249		2	WhatsApp	No Contesto	1	2026-03-11 06:05:55		
946	249		2	WhatsApp	No Contesto	2	2026-03-09 19:07:21		
947	249		2	Correo	No Contesto	3	2026-03-11 01:40:58		
948	249		2	Telefono	Contesto	4	2026-03-06 06:29:41	251	Respondió bien, buen perfil
949	249		2	WhatsApp	Contesto	5	2026-03-09 17:27:29		
950	250		3	Telefono	No Contesto	1	2026-03-06 16:06:07		
951	250		3	WhatsApp	No Contesto	2	2026-03-09 11:28:37		
952	250		3	WhatsApp	Contesto	3	2026-03-10 18:44:48		
953	250		3	WhatsApp	No Contesto	4	2026-03-10 07:00:44		
954	250		3	Telefono	Contesto	5	2026-03-14 08:32:06	249	
955	250		3	Correo	No Contesto	6	2026-03-16 03:24:01		Llamada breve, pide callback
956	250		3	WhatsApp	No Contesto	7	2026-03-11 01:10:48		
957	251		5	Correo	No Contesto	1	2026-03-06 06:51:51		Línea ocupada
958	251		5	Correo	No Contesto	2	2026-03-10 20:43:08		
959	251		5	Telefono	No Contesto	3	2026-03-07 14:25:14		
960	251		5	Telefono	No Contesto	4	2026-03-03 17:22:53		
961	251		5	WhatsApp	Contesto	5	2026-03-11 11:58:48		
962	252		3	Correo	No Contesto	1	2026-03-05 03:18:51		
963	252		3	Telefono	Contesto	2	2026-03-16 22:37:39	437	Positivo, agenda follow-up
964	253		3	Telefono	Contesto	1	2026-03-04 14:28:12	512	
965	253		3	WhatsApp	Contesto	2	2026-03-15 02:49:28		
966	253		3	WhatsApp	No Contesto	3	2026-03-06 15:32:22		Buzón de voz
967	253		3	WhatsApp	No Contesto	4	2026-03-21 18:05:08		
968	253		3	Correo	Contesto	5	2026-03-15 07:26:22		
969	253		3	Telefono	No Contesto	6	2026-03-22 20:58:12		Buzón de voz
970	253		3	Correo	Contesto	7	2026-03-26 19:40:56		Disponible siguiente semana
971	254		1	Telefono	No Contesto	1	2026-03-14 05:46:38		
972	254		1	WhatsApp	No Contesto	2	2026-03-10 22:39:44		
973	254		1	WhatsApp	Contesto	3	2026-03-12 09:16:43		
974	254		1	Correo	No Contesto	4	2026-03-05 14:39:00		
975	254		1	WhatsApp	Contesto	5	2026-03-08 13:23:38		Quiere cotización
976	255		1	Telefono	Contesto	1	2026-03-06 00:00:09	449	Positivo, agenda follow-up
977	255		1	Correo	No Contesto	2	2026-03-05 07:42:19		
978	255		1	WhatsApp	Contesto	3	2026-03-07 09:08:06		
979	255		1	Telefono	No Contesto	4	2026-03-04 16:48:31		Buzón de voz
980	256		2	WhatsApp	Contesto	1	2026-03-04 07:19:03		
981	256		2	WhatsApp	Contesto	2	2026-03-06 20:00:20		
982	256		2	Correo	No Contesto	3	2026-03-06 22:17:05		
983	256		2	WhatsApp	No Contesto	4	2026-03-06 17:17:23		
984	257		2	Telefono	Contesto	1	2026-03-02 15:03:16	212	Disponible siguiente semana
985	257		2	Telefono	Contesto	2	2026-03-02 19:51:28	309	
986	257		2	Telefono	Contesto	3	2026-03-03 19:32:51	480	Quiere cotización
987	258		3	WhatsApp	No Contesto	1	2026-03-30 21:08:02		
988	258		3	WhatsApp	No Contesto	2	2026-03-07 18:32:23		
989	258		3	WhatsApp	Contesto	3	2026-03-16 17:11:05		
990	258		3	WhatsApp	No Contesto	4	2026-03-21 00:05:31		
991	258		3	WhatsApp	No Contesto	5	2026-03-20 13:05:40		No disponible
992	258		3	Telefono	No Contesto	6	2026-03-09 12:23:04		
993	258		3	WhatsApp	No Contesto	7	2026-03-31 13:24:16		Sin respuesta
994	259		3	WhatsApp	Contesto	1	2026-04-02 14:03:16		
995	259		3	Telefono	Contesto	2	2026-03-22 22:39:36	38	Quiere cotización
996	260		3	Telefono	No Contesto	1	2026-03-04 01:36:39		
997	260		3	Telefono	Contesto	2	2026-03-04 13:28:20	52	
998	260		3	WhatsApp	No Contesto	3	2026-03-08 03:30:16		
999	260		3	WhatsApp	No Contesto	4	2026-03-05 23:08:40		
1000	261		5	Telefono	No Contesto	1	2026-03-08 02:50:43		No disponible
1001	261		5	WhatsApp	No Contesto	2	2026-03-11 03:04:35		Llamada breve, pide callback
1002	261		5	WhatsApp	No Contesto	3	2026-03-10 08:08:25		
1003	262		2	WhatsApp	No Contesto	1	2026-03-29 03:28:08		
1004	262		2	Correo	No Contesto	2	2026-03-10 12:11:56		
1005	264		1	Correo	Contesto	1	2026-03-05 16:10:56		
1006	264		1	WhatsApp	Contesto	2	2026-03-02 18:15:59		
1007	264		1	Telefono	Contesto	3	2026-03-10 16:55:21	112	Respondió bien, buen perfil
1008	264		1	Telefono	Contesto	4	2026-03-06 17:03:31	187	
1009	264		1	Correo	No Contesto	5	2026-03-10 00:48:42		
1010	265		1	WhatsApp	No Contesto	1	2026-03-19 17:42:30		
1011	265		1	WhatsApp	No Contesto	2	2026-03-14 12:38:19		
1012	266		1	WhatsApp	No Contesto	1	2026-03-10 11:42:39		
1013	266		1	Telefono	No Contesto	2	2026-03-25 02:49:39		
1014	266		1	WhatsApp	No Contesto	3	2026-04-02 11:22:51		Sin respuesta
1015	266		1	Telefono	No Contesto	4	2026-03-23 02:13:44		
1016	266		1	Correo	No Contesto	5	2026-03-25 08:03:21		
1017	266		1	WhatsApp	No Contesto	6	2026-03-15 15:08:35		Línea ocupada
1018	266		1	WhatsApp	No Contesto	7	2026-03-15 17:42:43		
1019	267		3	Telefono	No Contesto	1	2026-03-16 11:46:07		Llamada breve, pide callback
1020	267		3	Telefono	Contesto	2	2026-03-17 21:08:45	138	
1021	267		3	Telefono	No Contesto	3	2026-03-08 06:50:28		
1022	267		3	WhatsApp	No Contesto	4	2026-03-10 05:29:24		
1023	267		3	WhatsApp	Contesto	5	2026-03-17 20:38:45		Positivo, agenda follow-up
1024	267		3	Correo	No Contesto	6	2026-03-26 01:07:05		Llamada breve, pide callback
1025	268		3	WhatsApp	Contesto	1	2026-03-21 02:37:55		
1026	268		3	WhatsApp	Contesto	2	2026-03-13 12:18:32		
1027	268		3	Correo	No Contesto	3	2026-03-05 05:30:05		
1028	268		3	Correo	No Contesto	4	2026-03-12 07:50:10		
1029	269		1	Telefono	Contesto	1	2026-03-17 22:56:41	232	
1030	269		1	WhatsApp	No Contesto	2	2026-03-27 01:13:29		Línea ocupada
1031	269		1	Telefono	No Contesto	3	2026-03-28 18:46:28		
1032	269		1	Correo	No Contesto	4	2026-03-19 04:31:32		
1033	269		1	WhatsApp	No Contesto	5	2026-03-08 13:57:30		
1034	270		2	Telefono	No Contesto	1	2026-03-06 04:46:22		
1035	270		2	WhatsApp	No Contesto	2	2026-03-05 01:43:15		
1036	270		2	WhatsApp	No Contesto	3	2026-03-05 00:28:02		Buzón de voz
1037	271		2	WhatsApp	No Contesto	1	2026-03-22 13:17:16		
1038	273		3	Correo	No Contesto	1	2026-03-16 12:58:42		
1039	273		3	Correo	No Contesto	2	2026-03-30 14:34:14		
1040	274		1	Telefono	Contesto	1	2026-03-06 16:15:23	133	
1041	274		1	Correo	Contesto	2	2026-03-10 22:41:16		
1042	274		1	Telefono	No Contesto	3	2026-03-10 08:23:56		
1043	274		1	WhatsApp	Contesto	4	2026-03-15 16:30:30		
1044	274		1	Telefono	Contesto	5	2026-03-08 06:46:58	340	
1045	275		5	Correo	Contesto	1	2026-03-03 20:01:26		
1046	276		4	Telefono	No Contesto	1	2026-03-05 10:53:45		
1047	276		4	WhatsApp	Contesto	2	2026-03-05 14:33:24		
1048	276		4	Correo	No Contesto	3	2026-03-06 05:51:19		No disponible
1049	277		1	WhatsApp	No Contesto	1	2026-03-05 17:39:43		
1050	277		1	WhatsApp	No Contesto	2	2026-03-06 11:58:53		No disponible
1051	277		1	Telefono	Contesto	3	2026-03-05 10:55:34	324	
1052	278		5	Correo	No Contesto	1	2026-03-12 20:00:52		
1053	278		5	WhatsApp	Contesto	2	2026-03-12 09:33:10		Confirmó interés
1054	278		5	Telefono	No Contesto	3	2026-03-07 23:19:56		
1055	279		4	Telefono	No Contesto	1	2026-03-06 11:36:09		
1056	279		4	Telefono	No Contesto	2	2026-03-08 02:55:26		Llamada breve, pide callback
1057	279		4	WhatsApp	Contesto	3	2026-03-04 00:12:57		
1058	279		4	WhatsApp	Contesto	4	2026-03-07 19:20:26		
1059	279		4	WhatsApp	Contesto	5	2026-03-07 12:59:29		
1060	280		5	WhatsApp	No Contesto	1	2026-03-04 06:27:31		
1061	280		5	Telefono	No Contesto	2	2026-03-06 01:13:59		
1062	281		5	Telefono	No Contesto	1	2026-03-13 09:49:02		Llamada breve, pide callback
1063	281		5	Telefono	No Contesto	2	2026-03-10 12:34:30		
1064	281		5	Correo	No Contesto	3	2026-03-13 00:15:38		
1065	281		5	WhatsApp	Contesto	4	2026-03-07 05:45:31		
1066	281		5	WhatsApp	Contesto	5	2026-03-09 12:06:57		
1067	281		5	WhatsApp	No Contesto	6	2026-03-13 06:44:38		
1068	281		5	Telefono	No Contesto	7	2026-03-10 20:33:44		
1069	282		4	WhatsApp	Contesto	1	2026-03-10 22:39:25		Respondió bien, buen perfil
1070	282		4	Telefono	Contesto	2	2026-03-12 10:53:37	372	
1071	282		4	WhatsApp	No Contesto	3	2026-03-07 16:22:56		
1072	283		4	Correo	Contesto	1	2026-03-06 01:54:06		Interesado, pide más info
1073	283		4	Telefono	No Contesto	2	2026-03-04 21:25:18		
1074	283		4	WhatsApp	No Contesto	3	2026-03-05 15:23:35		
1075	283		4	Telefono	No Contesto	4	2026-03-05 18:52:17		
1076	283		4	Telefono	No Contesto	5	2026-03-06 15:28:02		
1077	283		4	WhatsApp	Contesto	6	2026-03-06 15:33:34		
1078	284		2	Telefono	No Contesto	1	2026-03-03 14:39:27		
1079	284		2	Telefono	No Contesto	2	2026-03-03 12:38:07		
1080	284		2	WhatsApp	No Contesto	3	2026-03-04 17:52:03		
1081	284		2	WhatsApp	No Contesto	4	2026-03-05 09:59:10		
1082	284		2	Correo	No Contesto	5	2026-03-05 17:18:47		
1083	285		2	Telefono	No Contesto	1	2026-03-05 03:50:17		Buzón de voz
1084	285		2	WhatsApp	Contesto	2	2026-03-06 08:13:09		
1085	285		2	Correo	Contesto	3	2026-03-06 08:53:17		
1086	285		2	Correo	No Contesto	4	2026-03-06 13:17:43		
1087	285		2	Correo	Contesto	5	2026-03-07 01:17:44		
1088	285		2	WhatsApp	Contesto	6	2026-03-07 13:17:44		
1089	285		2	WhatsApp	No Contesto	7	2026-03-08 01:17:44		
1090	286		1	Telefono	Contesto	1	2026-03-23 12:35:40	144	
1091	286		1	WhatsApp	No Contesto	2	2026-03-07 10:33:21		
1092	286		1	WhatsApp	Contesto	3	2026-03-06 20:26:38		
1093	286		1	WhatsApp	No Contesto	4	2026-03-22 04:56:05		
1094	287		2	WhatsApp	No Contesto	1	2026-03-21 00:30:38		
1095	287		2	WhatsApp	No Contesto	2	2026-03-18 14:02:41		
1096	287		2	Telefono	Contesto	3	2026-03-17 22:59:04	325	Confirmó interés
1097	287		2	WhatsApp	No Contesto	4	2026-03-13 05:40:12		
1098	287		2	Telefono	No Contesto	5	2026-03-17 19:53:58		
1099	287		2	WhatsApp	No Contesto	6	2026-03-23 15:56:27		Sin respuesta
1100	287		2	Telefono	No Contesto	7	2026-03-22 17:58:01		
1101	287		2	Correo	No Contesto	8	2026-03-11 09:27:14		
1102	288		3	WhatsApp	No Contesto	1	2026-03-28 13:27:20		
1103	289		5	Correo	No Contesto	1	2026-03-11 15:04:45		
1104	289		5	Correo	Contesto	2	2026-03-08 20:35:05		
1105	289		5	Correo	No Contesto	3	2026-03-11 04:31:48		
1106	289		5	WhatsApp	Contesto	4	2026-03-06 02:24:16		
1107	289		5	Telefono	Contesto	5	2026-03-09 04:36:33	152	
1108	289		5	WhatsApp	No Contesto	6	2026-03-06 11:05:51		
1109	290		5	Correo	No Contesto	1	2026-03-06 03:33:01		
1110	290		5	WhatsApp	Contesto	2	2026-03-06 10:35:31		
1111	290		5	Telefono	No Contesto	3	2026-03-08 04:54:55		
1112	291		1	WhatsApp	No Contesto	1	2026-03-08 00:32:26		
1113	291		1	WhatsApp	No Contesto	2	2026-03-18 09:07:11		
1114	291		1	Telefono	No Contesto	3	2026-03-07 09:21:29		Sin respuesta
1115	291		1	Telefono	No Contesto	4	2026-03-08 04:41:18		
1116	292		1	Correo	No Contesto	1	2026-03-11 01:59:56		No disponible
1117	292		1	Telefono	No Contesto	2	2026-03-15 19:39:54		
1118	292		1	WhatsApp	No Contesto	3	2026-03-12 11:22:35		
1119	292		1	Telefono	No Contesto	4	2026-03-15 23:03:08		No disponible
1120	292		1	Telefono	No Contesto	5	2026-03-20 06:09:33		
1121	293		5	Telefono	No Contesto	1	2026-03-03 19:04:02		
1122	294		4	WhatsApp	Contesto	1	2026-03-13 02:26:46		
1123	294		4	WhatsApp	No Contesto	2	2026-03-06 21:04:36		
1124	294		4	WhatsApp	No Contesto	3	2026-03-06 11:10:07		
1125	294		4	WhatsApp	No Contesto	4	2026-03-12 15:42:04		
1126	294		4	Correo	No Contesto	5	2026-03-08 15:56:00		
1127	295		5	Telefono	Contesto	1	2026-03-06 11:53:16	529	Disponible siguiente semana
1128	295		5	WhatsApp	Contesto	2	2026-03-03 08:51:21		
1129	295		5	WhatsApp	Contesto	3	2026-03-13 12:50:40		
1130	295		5	WhatsApp	No Contesto	4	2026-03-05 18:57:45		
1131	295		5	Telefono	Contesto	5	2026-03-07 19:14:19	543	
1132	297		5	WhatsApp	No Contesto	1	2026-03-19 20:35:36		
1133	297		5	WhatsApp	Contesto	2	2026-03-10 05:18:37		
1134	297		5	WhatsApp	No Contesto	3	2026-03-20 20:56:27		
1135	297		5	Telefono	No Contesto	4	2026-03-18 01:30:44		
1136	297		5	WhatsApp	No Contesto	5	2026-03-13 14:26:43		
1137	297		5	Telefono	No Contesto	6	2026-03-14 22:23:19		
1138	298		3	Telefono	Contesto	1	2026-03-03 06:37:03	352	
1139	299		4	WhatsApp	No Contesto	1	2026-03-05 06:57:38		
1140	299		4	WhatsApp	No Contesto	2	2026-03-14 05:39:00		
1141	299		4	Telefono	Contesto	3	2026-03-12 19:23:36	49	
1142	299		4	Telefono	No Contesto	4	2026-03-12 20:44:44		
1143	299		4	WhatsApp	Contesto	5	2026-03-16 10:25:26		
1144	300		5	WhatsApp	No Contesto	1	2026-03-25 23:59:31		
1145	300		5	Telefono	Contesto	2	2026-03-09 20:55:15	363	
